Time,JointType,TrackingState,Position.X,Position.Y,Position.Z,
00:00.1,ElbowLeft,Tracked,-0.273367316,0.037294757,1.238710403,0
00:00.1,ElbowRight,Tracked,0.106727511,-0.030607231,1.28910625,0.389387337
00:00.1,ElbowLeft,Tracked,-0.273221076,0.037401672,1.238597393,0.3892779
00:00.1,ElbowRight,Tracked,0.106781885,-0.030271729,1.289055347,0.389265905
00:00.1,ElbowLeft,Tracked,-0.273031056,0.03765611,1.238417268,0.389148142
00:00.1,ElbowRight,Tracked,0.106870338,-0.030043649,1.289012194,0.389189123
00:00.1,ElbowLeft,Tracked,-0.272928745,0.037903756,1.238282442,0.389149972
00:00.1,ElbowRight,Tracked,0.108180389,-0.028221393,1.289636254,0.390197285
00:00.2,ElbowLeft,Tracked,-0.272509515,0.038053907,1.238069057,0.389841499
00:00.2,ElbowRight,Tracked,0.108823657,-0.027141204,1.289950132,0.390329395
00:00.2,ElbowLeft,Tracked,-0.271931589,0.038453948,1.237644911,0.389888596
00:00.2,ElbowRight,Tracked,0.109187886,-0.026279353,1.290255785,0.390141459
00:00.2,ElbowLeft,Tracked,-0.271346629,0.038633391,1.237292409,0.389647662
00:00.2,ElbowRight,Tracked,0.109823234,-0.025275338,1.290449858,0.390128831
00:00.3,ElbowLeft,Tracked,-0.270923764,0.038778998,1.237029791,0.389775497
00:00.3,ElbowRight,Tracked,0.11016205,-0.024405807,1.290614486,0.389987225
00:00.3,ElbowLeft,Tracked,-0.270619333,0.038937829,1.236797571,0.389747531
00:00.3,ElbowRight,Tracked,0.111600153,-0.022537135,1.29110384,0.390922086
00:00.3,ElbowLeft,Tracked,-0.270207644,0.039098963,1.236531019,0.390582123
00:00.3,ElbowRight,Tracked,0.111679345,-0.022302773,1.291179895,0.390633262
00:00.4,ElbowLeft,Tracked,-0.270050853,0.03925737,1.236387968,0.390524969
00:00.4,ElbowRight,Tracked,0.112249613,-0.021563124,1.291425467,0.391001158
00:00.4,ElbowLeft,Tracked,-0.269792646,0.03927125,1.236377716,0.390752305
00:00.4,ElbowRight,Tracked,0.113033116,-0.020055955,1.291685581,0.391323704
00:00.4,ElbowLeft,Tracked,-0.269642502,0.039286308,1.236318469,0.391187487
00:00.4,ElbowRight,Tracked,0.113018952,-0.020075116,1.29171288,0.391180404
00:00.5,ElbowLeft,Tracked,-0.269434065,0.039240349,1.236250281,0.3909792
00:00.5,ElbowRight,Tracked,0.113328777,-0.019441657,1.291850686,0.391206309
00:00.5,ElbowLeft,Tracked,-0.269423366,0.039546151,1.236394167,0.391221408
00:00.5,ElbowRight,Tracked,0.11330279,-0.019460628,1.291889787,0.391204389
00:00.5,ElbowLeft,Tracked,-0.26943171,0.03962402,1.236383796,0.391225776
00:00.5,ElbowRight,Tracked,0.113731861,-0.018678956,1.292085409,0.391556164
00:00.6,ElbowLeft,Tracked,-0.269341737,0.039757136,1.236315966,0.391497624
00:00.6,ElbowRight,Tracked,0.113790676,-0.018560437,1.292106628,0.391540526
00:00.6,ElbowLeft,Tracked,-0.26930818,0.039763026,1.236300707,0.391510741
00:00.6,ElbowRight,Tracked,0.114033163,-0.018185221,1.292240858,0.391711481
00:00.6,ElbowLeft,Tracked,-0.269227177,0.039821118,1.236258626,0.391646822
00:00.6,ElbowRight,Tracked,0.112266399,-0.020073596,1.291459084,0.390092061
00:00.7,ElbowLeft,Tracked,-0.269226611,0.039839212,1.23624742,0.390095871
00:00.7,ElbowRight,Tracked,0.112259284,-0.020118022,1.291531086,0.390105936
00:00.7,ElbowLeft,Tracked,-0.269263625,0.039934501,1.236192584,0.390164562
00:00.7,ElbowRight,Tracked,0.112254992,-0.020123607,1.291543245,0.39016295
00:00.7,ElbowLeft,Tracked,-0.269214541,0.039931428,1.236177564,0.390116611
00:00.7,ElbowRight,Tracked,0.11142119,-0.0212222,1.29107821,0.38940648
00:00.8,ElbowLeft,Tracked,-0.269074023,0.03979535,1.236088634,0.389260327
00:00.8,ElbowRight,Tracked,0.111462802,-0.021229692,1.291146994,0.389311898
00:00.8,ElbowLeft,Tracked,-0.269050688,0.039788976,1.236036301,0.389295494
00:00.8,ElbowRight,Tracked,0.111744069,-0.021183245,1.291223526,0.389573983
00:00.8,ElbowLeft,Tracked,-0.268822134,0.039818581,1.235673428,0.389406819
00:00.8,ElbowRight,Tracked,0.112342916,-0.020477541,1.291215181,0.389881141
00:00.9,ElbowLeft,Tracked,-0.268100858,0.039942008,1.23450017,0.389364328
00:00.9,ElbowRight,Tracked,0.112890832,-0.019886848,1.291177511,0.389803131
00:00.9,ElbowLeft,Tracked,-0.267519534,0.039515588,1.233195782,0.389361756
00:00.9,ElbowRight,Tracked,0.112898529,-0.0196246,1.290835619,0.389278583
00:00.9,ElbowLeft,Tracked,-0.266706407,0.039312512,1.230951786,0.388792443
00:00.9,ElbowRight,Tracked,0.113193996,-0.018771987,1.289723873,0.388783081
00:01.0,ElbowLeft,Tracked,-0.265759915,0.039203063,1.22796011,0.388306497
00:01.0,ElbowRight,Tracked,0.112990409,-0.017868228,1.287824392,0.387675989
00:01.0,ElbowLeft,Tracked,-0.264807701,0.040170066,1.225555897,0.387268926
00:01.0,ElbowRight,Tracked,0.113102838,-0.016259894,1.28432548,0.386593559
00:01.0,ElbowLeft,Tracked,-0.26365608,0.041423045,1.221269011,0.38632981
00:01.0,ElbowRight,Tracked,0.113301978,-0.01440338,1.279560208,0.38550205
00:01.1,ElbowLeft,Tracked,-0.262735277,0.04194114,1.214888096,0.38569574
00:01.1,ElbowRight,Tracked,0.11399547,-0.012678737,1.273804665,0.385201959
00:01.1,ElbowLeft,Tracked,-0.260279089,0.041809071,1.207564235,0.383976772
00:01.1,ElbowRight,Tracked,0.114022352,-0.010555638,1.264857292,0.382264471
00:01.1,ElbowLeft,Tracked,-0.258602381,0.039059274,1.197849989,0.381838722
00:01.1,ElbowRight,Tracked,0.114762582,-0.010932712,1.258983612,0.381625358
00:01.2,ElbowLeft,Tracked,-0.258210778,0.038270928,1.192643523,0.382009336
00:01.2,ElbowRight,Tracked,0.114418671,-0.009125132,1.247165442,0.379567823
00:01.2,ElbowLeft,Tracked,-0.257394731,0.037151244,1.186472416,0.379566005
00:01.2,ElbowRight,Tracked,0.113329373,-0.010952824,1.240432024,0.377706238
00:01.2,ElbowLeft,Tracked,-0.255717933,0.034601748,1.177680969,0.377105858
00:01.2,ElbowRight,Tracked,0.1118844,-0.011244096,1.227710843,0.373813196
00:01.3,ElbowLeft,Tracked,-0.252489507,0.02829688,1.163852811,0.372034517
00:01.3,ElbowRight,Tracked,0.111706257,-0.011739724,1.215117335,0.36995883
00:01.3,ElbowLeft,Tracked,-0.250566125,0.023507843,1.160203815,0.368102111
00:01.3,ElbowRight,Tracked,0.111594148,-0.012311734,1.203323722,0.366472962
00:01.3,ElbowLeft,Tracked,-0.246953502,0.019031376,1.149013519,0.363989569
00:01.3,ElbowRight,Tracked,0.112543717,-0.016402654,1.194511294,0.364093214
00:01.4,ElbowLeft,Tracked,-0.245340317,0.01733523,1.142321587,0.36323958
00:01.4,ElbowRight,Tracked,0.113838255,-0.019941024,1.182640314,0.363351574
00:01.4,ElbowLeft,Tracked,-0.242819637,0.01502278,1.126961112,0.362667194
00:01.4,ElbowRight,Tracked,0.116299212,-0.020040499,1.164465427,0.362770389
00:01.4,ElbowLeft,Tracked,-0.240472674,0.012104336,1.11129415,0.36214176
00:01.4,ElbowRight,Tracked,0.119426258,-0.021201216,1.150973082,0.363608194
00:01.5,ElbowLeft,Tracked,-0.236839116,0.012583671,1.094804406,0.362244883
00:01.5,ElbowRight,Tracked,0.123483755,-0.021045856,1.139382958,0.36462414
00:01.5,ElbowLeft,Tracked,-0.233703658,0.013747522,1.077109814,0.364240815
00:01.5,ElbowRight,Tracked,0.128007621,-0.022308141,1.12100184,0.366144193
00:01.5,ElbowLeft,Tracked,-0.229315981,0.012742667,1.057082891,0.364683901
00:01.5,ElbowRight,Tracked,0.130935401,-0.024085127,1.107427359,0.365611693
00:01.6,ElbowLeft,Tracked,-0.226593941,0.013781937,1.039504886,0.365888791
00:01.6,ElbowRight,Tracked,0.133805901,-0.024218582,1.088944912,0.365754565
00:01.6,ElbowLeft,Tracked,-0.212066725,0.017603051,1.014894485,0.356174659
00:01.6,ElbowRight,Tracked,0.140390918,-0.022282077,1.072769761,0.359397775
00:01.6,ElbowLeft,Tracked,-0.206894398,0.021430604,0.99928993,0.357655105
00:01.6,ElbowRight,Tracked,0.144512802,-0.016421212,1.051704407,0.357305272
00:01.7,ElbowLeft,Tracked,-0.204250962,0.024517756,0.986396432,0.357179638
00:01.7,ElbowRight,Tracked,0.151023746,-0.003776487,1.039338708,0.360310375
00:01.7,ElbowLeft,Tracked,-0.202526346,0.035479687,0.967043459,0.362994927
00:01.7,ElbowRight,Tracked,0.154254809,0.013031103,1.026761055,0.362440233
00:01.7,ElbowLeft,Tracked,-0.205255494,0.045874245,0.957752228,0.36754394
00:01.7,ElbowRight,Tracked,0.155767083,0.02944495,1.015776634,0.366024664
00:01.8,ElbowLeft,Tracked,-0.209858805,0.060481079,0.945301235,0.373647311
00:01.8,ElbowRight,Tracked,0.152140677,0.047234111,1.002029181,0.366656743
00:01.8,ElbowLeft,Tracked,-0.209143221,0.084285893,0.931511223,0.369961717
00:01.8,ElbowRight,Tracked,0.151441574,0.063722312,0.991723835,0.366155451
00:01.8,ElbowLeft,Tracked,-0.202420175,0.101552576,0.921081841,0.362821661
00:01.8,ElbowRight,Tracked,0.149837464,0.088844463,0.981751323,0.357669857
00:01.9,ElbowLeft,Tracked,-0.203610644,0.116740912,0.913028121,0.361146307
00:01.9,ElbowRight,Tracked,0.145482004,0.097233571,0.966153145,0.353650224
00:01.9,ElbowLeft,Tracked,-0.202373862,0.140448064,0.90263921,0.356237583
00:01.9,ElbowRight,Tracked,0.14201805,0.116013542,0.955310822,0.349252249
00:01.9,ElbowLeft,Tracked,-0.202768162,0.159094438,0.896114588,0.352473672
00:01.9,ElbowRight,Tracked,0.144928843,0.134914547,0.94760114,0.352319087
00:02.0,ElbowLeft,Tracked,-0.203242823,0.166617185,0.883250117,0.35548505
00:02.0,ElbowRight,Tracked,0.150818527,0.15142855,0.942075372,0.359236057
00:02.0,ElbowLeft,Tracked,-0.202461138,0.173082322,0.869237065,0.361359691
00:02.0,ElbowRight,Tracked,0.164450258,0.162537381,0.940428913,0.373902992
00:02.0,ElbowLeft,Tracked,-0.182783246,0.173317298,0.847534299,0.359606343
00:02.0,ElbowRight,Tracked,0.176608145,0.166915402,0.928736091,0.368506292
00:02.1,ElbowLeft,Tracked,-0.176175222,0.289311171,0.857259989,0.380191611
00:02.1,ElbowRight,Tracked,0.155038327,0.232728928,0.896202624,0.338260985
00:02.1,ElbowLeft,Tracked,-0.173764288,0.292720437,0.860847771,0.336095383
00:02.1,ElbowRight,Tracked,0.152727976,0.243854105,0.898345232,0.332251677
00:02.1,ElbowLeft,Tracked,-0.183824882,0.296225011,0.862442851,0.342490174
00:02.1,ElbowRight,Tracked,0.15177989,0.262741029,0.881101072,0.337786722
00:02.2,ElbowLeft,Tracked,-0.211350679,0.316893876,0.85559237,0.368031296
00:02.2,ElbowRight,Tracked,0.161054909,0.321114361,0.922671497,0.378422177
00:02.2,ElbowLeft,Tracked,-0.200784832,0.307204574,0.860758305,0.367361843
00:02.2,ElbowRight,Tracked,0.123172417,0.304821402,0.893532395,0.325619594
00:02.2,ElbowLeft,Tracked,-0.193582177,0.304503918,0.863640308,0.318162083
00:02.2,ElbowRight,Tracked,0.122310027,0.30622384,0.891631424,0.317134586
00:02.3,ElbowLeft,Tracked,-0.190680385,0.306202233,0.864332736,0.314178639
00:02.3,ElbowRight,Tracked,0.138548195,0.318756998,0.895307064,0.330920669
00:02.3,ElbowLeft,Inferred,-0.23229453,0.402364492,0.893486142,0.380155042
00:02.3,ElbowRight,Tracked,0.23842673,0.36500898,0.893296182,0.472201202
00:02.3,ElbowLeft,Inferred,-0.230226859,0.404526234,0.890780568,0.47032343
00:02.3,ElbowRight,Tracked,0.238238201,0.364849657,0.893290222,0.470148957
00:02.4,ElbowLeft,Tracked,-0.244572461,0.323015511,0.773099184,0.499301628
00:02.4,ElbowRight,Tracked,0.237011567,0.364357799,0.893356502,0.498090537
00:02.4,ElbowLeft,Tracked,-0.227665678,0.324548662,0.820068359,0.472102596
00:02.4,ElbowRight,Inferred,0.201256543,0.368751407,0.834137261,0.431423329
00:02.4,ElbowLeft,Tracked,-0.228349537,0.328091145,0.821197689,0.431719902
00:02.4,ElbowRight,Inferred,0.208667815,0.365897268,0.841155112,0.439103367
00:02.5,ElbowLeft,Tracked,-0.228273332,0.331062913,0.822330952,0.438731521
00:02.5,ElbowRight,Inferred,0.212208584,0.364902675,0.845669866,0.442395923
00:02.5,ElbowLeft,Tracked,-0.228962332,0.334946275,0.823659241,0.442734266
00:02.5,ElbowRight,Inferred,0.214747608,0.365013927,0.849984825,0.445506016
00:02.5,ElbowLeft,Tracked,-0.22901462,0.338381082,0.824404657,0.445296046
00:02.5,ElbowRight,Inferred,0.215597153,0.36552,0.852111161,0.446300123
00:02.6,ElbowLeft,Tracked,-0.229524776,0.34107843,0.825245738,0.446601246
00:02.6,ElbowRight,Inferred,0.216843337,0.366186142,0.854881883,0.448054897
00:02.6,ElbowLeft,Tracked,-0.229471222,0.343071848,0.825486839,0.447878359
00:02.6,ElbowRight,Inferred,0.218677104,0.366245329,0.858420789,0.449953972
00:02.6,ElbowLeft,Tracked,-0.229642779,0.345040232,0.82580781,0.450004421
00:02.6,ElbowRight,Inferred,0.21964696,0.366695881,0.860726893,0.451164692
00:02.7,ElbowLeft,Tracked,-0.229932293,0.346564949,0.826173246,0.451354311
00:02.7,ElbowRight,Inferred,0.219943702,0.367211759,0.862264395,0.451793397
00:02.7,ElbowLeft,Inferred,-0.230370447,0.348312557,0.826748192,0.452107745
00:02.7,ElbowRight,Inferred,0.220576078,0.367309749,0.864283621,0.452904593
00:02.7,ElbowLeft,Inferred,-0.23041591,0.349494725,0.826602817,0.45291389
00:02.7,ElbowRight,Inferred,0.220791787,0.367579937,0.865584195,0.453249389
00:02.8,ElbowLeft,Inferred,-0.230549932,0.350444674,0.826347709,0.453367914
00:02.8,ElbowRight,Inferred,0.221111268,0.367010325,0.866438806,0.453739524
00:02.8,ElbowLeft,Inferred,-0.230575025,0.351029485,0.826556087,0.453725165
00:02.8,ElbowRight,Inferred,0.221236706,0.367079645,0.867794156,0.453973596
00:02.8,ElbowLeft,Inferred,-0.230518907,0.351580888,0.826765537,0.453879602
00:02.8,ElbowRight,Inferred,0.221683204,0.366591394,0.86887747,0.454406734
00:02.9,ElbowLeft,Inferred,-0.230488449,0.35183537,0.82694608,0.45435139
00:02.9,ElbowRight,Inferred,0.221992522,0.36642158,0.86979872,0.454739636
00:02.9,ElbowLeft,Inferred,-0.230215102,0.352074265,0.827168822,0.454439093
00:02.9,ElbowRight,Inferred,0.222822905,0.366231889,0.871721387,0.455443526
00:02.9,ElbowLeft,Inferred,-0.230004162,0.352162331,0.827536404,0.455195142
00:02.9,ElbowRight,Tracked,0.222923249,0.36561799,0.872415781,0.455344323
00:03.0,ElbowLeft,Inferred,-0.229931191,0.351554722,0.8280738,0.455237444
00:03.0,ElbowRight,Tracked,0.223037779,0.365125239,0.873114467,0.455404994
00:03.0,ElbowLeft,Inferred,-0.229406655,0.351876199,0.828551412,0.454826746
00:03.0,ElbowRight,Tracked,0.223632172,0.364668757,0.87472868,0.455565767
00:03.0,ElbowLeft,Inferred,-0.22901693,0.352119505,0.829308093,0.45509529
00:03.0,ElbowRight,Tracked,0.223827213,0.364758283,0.875524163,0.455371806
00:03.1,ElbowLeft,Inferred,-0.228738308,0.352411747,0.830159307,0.455001053
00:03.1,ElbowRight,Tracked,0.223584086,0.364915639,0.876331747,0.454844797
00:03.1,ElbowLeft,Inferred,-0.228315324,0.351690084,0.831026554,0.454357295
00:03.1,ElbowRight,Tracked,0.223280698,0.365163684,0.877191305,0.454149413
00:03.1,ElbowLeft,Inferred,-0.228170574,0.352242947,0.832071781,0.453884311
00:03.1,ElbowRight,Tracked,0.22369796,0.365780145,0.879350305,0.454536782
00:03.2,ElbowLeft,Inferred,-0.228278637,0.351881862,0.833156228,0.454543617
00:03.2,ElbowRight,Tracked,0.22358644,0.3657915,0.880237579,0.454524124
00:03.2,ElbowLeft,Inferred,-0.228638023,0.351806343,0.83433187,0.454763547
00:03.2,ElbowRight,Tracked,0.223637596,0.365999997,0.881359875,0.454935521
00:03.2,ElbowLeft,Inferred,-0.228555724,0.35234639,0.835305214,0.454737563
00:03.2,ElbowRight,Tracked,0.223605365,0.365971863,0.882316709,0.454802577
00:03.3,ElbowLeft,Inferred,-0.228644401,0.352027446,0.836442649,0.454784264
00:03.3,ElbowRight,Tracked,0.223562211,0.36593467,0.883006036,0.454810268
00:03.3,ElbowLeft,Tracked,-0.228894681,0.351846159,0.837619245,0.454945805
00:03.3,ElbowRight,Tracked,0.223884284,0.366024464,0.884817541,0.455453065
00:03.3,ElbowLeft,Tracked,-0.229482442,0.351684868,0.838954031,0.455906212
00:03.3,ElbowRight,Tracked,0.223967254,0.366004527,0.885967851,0.456105228
00:03.4,ElbowLeft,Tracked,-0.22971341,0.351369023,0.839998782,0.456238423
00:03.4,ElbowRight,Tracked,0.224294394,0.365282506,0.886692166,0.456614655
00:03.4,ElbowLeft,Tracked,-0.229225323,0.35102275,0.840366066,0.4561026
00:03.4,ElbowRight,Tracked,0.224102139,0.365089715,0.887660146,0.456004822
00:03.4,ElbowLeft,Tracked,-0.228664905,0.350471675,0.841025174,0.455397084
00:03.4,ElbowRight,Tracked,0.224279329,0.364064783,0.888169527,0.455593944
00:03.5,ElbowLeft,Tracked,-0.228535146,0.349876255,0.841758072,0.455407824
00:03.5,ElbowRight,Tracked,0.224865124,0.362920254,0.889120281,0.456053866
00:03.5,ElbowLeft,Tracked,-0.229411274,0.34946385,0.842234015,0.456887779
00:03.5,ElbowRight,Tracked,0.225226134,0.361608565,0.890263319,0.457328636
00:03.5,ElbowLeft,Tracked,-0.229731768,0.349019498,0.842684865,0.457612158
00:03.5,ElbowRight,Tracked,0.222159207,0.36468783,0.888227344,0.454450292
00:03.6,ElbowLeft,Tracked,-0.230327785,0.348429382,0.84346199,0.45498654
00:03.6,ElbowRight,Tracked,0.215865254,0.366749287,0.879857659,0.448049654
00:03.6,ElbowLeft,Tracked,-0.230681181,0.347627789,0.843975306,0.448393682
00:03.6,ElbowRight,Tracked,0.212632284,0.366181135,0.875747204,0.44483762
00:03.6,ElbowLeft,Tracked,-0.231784075,0.346053481,0.844772995,0.445948903
00:03.6,ElbowRight,Tracked,0.221290767,0.372328639,0.899162591,0.457083608
00:03.7,ElbowLeft,Tracked,-0.232629374,0.344207942,0.845022738,0.458001519
00:03.7,ElbowRight,Tracked,0.22654143,0.381267548,0.943830192,0.471141331
00:03.7,ElbowLeft,Tracked,-0.235216931,0.340768427,0.84558177,0.473828782
00:03.7,ElbowRight,Tracked,0.226000965,0.380897522,0.943953753,0.473296248
00:03.7,ElbowLeft,Tracked,-0.222294509,0.339498788,0.86343807,0.457346108
00:03.7,ElbowRight,Inferred,0.22484684,0.382235318,0.94263196,0.456106862
00:03.8,ElbowLeft,Tracked,-0.211777672,0.337139815,0.851200461,0.448368473
00:03.8,ElbowRight,Inferred,0.222952008,0.384133935,0.939125419,0.446014731
00:03.8,ElbowLeft,Tracked,-0.210456416,0.328411341,0.848689795,0.446235893
00:03.8,ElbowRight,Inferred,0.226204082,0.251044273,0.959564686,0.457111907
00:03.8,ElbowLeft,Tracked,-0.188180223,0.310752422,0.873787344,0.4273607
00:03.8,ElbowRight,Inferred,0.219297901,0.238090873,0.959742129,0.422736735
00:03.9,ElbowLeft,Tracked,-0.191762179,0.29357481,0.890131474,0.420588278
00:03.9,ElbowRight,Inferred,0.215783775,0.265008509,0.879752398,0.408677701
00:03.9,ElbowLeft,Tracked,-0.192833662,0.277474165,0.893082261,0.409024801
00:03.9,ElbowRight,Tracked,0.153044075,0.260296613,0.938054323,0.349211918
00:03.9,ElbowLeft,Tracked,-0.202629402,0.252132297,0.894242406,0.358454687
00:03.9,ElbowRight,Tracked,0.157029018,0.251256138,0.935996056,0.362075012
00:04.0,ElbowLeft,Tracked,-0.197853908,0.239874899,0.896346569,0.357272313
00:04.0,ElbowRight,Tracked,0.166036263,0.216650262,0.932883799,0.366456559
00:04.0,ElbowLeft,Tracked,-0.204557747,0.223868012,0.89547199,0.372547526
00:04.0,ElbowRight,Tracked,0.165369853,0.210896149,0.931895733,0.371942721
00:04.0,ElbowLeft,Tracked,-0.218269259,0.174775019,0.899962485,0.386656743
00:04.0,ElbowRight,Tracked,0.161740541,0.180831447,0.975926399,0.387575341
00:04.1,ElbowLeft,Tracked,-0.216492742,0.171418294,0.909439802,0.384147748
00:04.1,ElbowRight,Tracked,0.154810816,0.177690774,0.977454484,0.377533672
00:04.1,ElbowLeft,Tracked,-0.211649179,0.171528563,0.915903091,0.371644286
00:04.1,ElbowRight,Tracked,0.155436292,0.17013596,0.979126036,0.372492716
00:04.1,ElbowLeft,Tracked,-0.208185464,0.169562027,0.922963262,0.367933919
00:04.1,ElbowRight,Tracked,0.152358353,0.162241936,0.980683327,0.365208206
00:04.2,ElbowLeft,Tracked,-0.205932766,0.167063773,0.929170132,0.362007439
00:04.2,ElbowRight,Tracked,0.149839014,0.152468622,0.983746886,0.360229371
00:04.2,ElbowLeft,Tracked,-0.20552966,0.1585242,0.934582293,0.358804573
00:04.2,ElbowRight,Tracked,0.149089456,0.145481855,0.987756133,0.358820676
00:04.2,ElbowLeft,Tracked,-0.20636861,0.149258733,0.940603375,0.358591807
00:04.2,ElbowRight,Tracked,0.147525311,0.131681845,0.995191097,0.358510353
00:04.3,ElbowLeft,Tracked,-0.207135797,0.14454931,0.945115566,0.358409865
00:04.3,ElbowRight,Tracked,0.152325526,0.125232726,1.000434875,0.364205709
00:04.3,ElbowLeft,Tracked,-0.209477037,0.138291731,0.951253414,0.365363447
00:04.3,ElbowRight,Tracked,0.154830024,0.125818312,1.006312847,0.368655343
00:04.3,ElbowLeft,Tracked,-0.211489379,0.131795064,0.957571268,0.369596223
00:04.3,ElbowRight,Tracked,0.154854476,0.123849355,1.010947227,0.370297108
00:04.4,ElbowLeft,Tracked,-0.213563263,0.121475913,0.966479838,0.371099196
00:04.4,ElbowRight,Tracked,0.152666062,0.103771135,1.018809199,0.370372434
00:04.4,ElbowLeft,Tracked,-0.214671582,0.11108011,0.971929848,0.370389038
00:04.4,ElbowRight,Tracked,0.151569963,0.095589988,1.023202777,0.370137442
00:04.4,ElbowLeft,Tracked,-0.215227872,0.090427339,0.977853477,0.369626654
00:04.4,ElbowRight,Tracked,0.151649401,0.088137463,1.029480219,0.370498984
00:04.5,ElbowLeft,Tracked,-0.216481894,0.081221595,0.984582484,0.370923558
00:04.5,ElbowRight,Tracked,0.151481315,0.079865366,1.037348866,0.371729813
00:04.5,ElbowLeft,Tracked,-0.210658655,0.072037533,0.990909994,0.365189268
00:04.5,ElbowRight,Tracked,0.152988404,0.061166435,1.048410773,0.36832554
00:04.5,ElbowLeft,Tracked,-0.208559036,0.06391573,0.998975337,0.364921872
00:04.5,ElbowRight,Tracked,0.15293625,0.057872888,1.054717779,0.365817684
00:04.6,ElbowLeft,Tracked,-0.207580715,0.057319812,1.008100986,0.363518794
00:04.6,ElbowRight,Tracked,0.150401339,0.04313603,1.067017674,0.363075071
00:04.6,ElbowLeft,Tracked,-0.206817254,0.051650245,1.018732786,0.360567671
00:04.6,ElbowRight,Tracked,0.148668826,0.035691783,1.077819943,0.360716395
00:04.6,ElbowLeft,Tracked,-0.206156552,0.044096723,1.03434813,0.35757725
00:04.6,ElbowRight,Tracked,0.149103239,0.026591813,1.096725106,0.361118856
00:04.7,ElbowLeft,Tracked,-0.207769945,0.039071076,1.04545486,0.360753157
00:04.7,ElbowRight,Tracked,0.143237531,0.00232859,1.112550259,0.359246505
00:04.7,ElbowLeft,Tracked,-0.21193704,0.032024756,1.063321948,0.359797533
00:04.7,ElbowRight,Tracked,0.141470686,0.000230864,1.121371627,0.359551995
00:04.7,ElbowLeft,Tracked,-0.213781029,0.029095568,1.079774976,0.358841515
00:04.7,ElbowRight,Tracked,0.13556686,-0.002522171,1.136622906,0.355352383
00:04.8,ElbowLeft,Tracked,-0.228449941,0.024395503,1.104736567,0.36640078
00:04.8,ElbowRight,Tracked,0.131795675,-0.008842825,1.156027675,0.365393579
00:04.8,ElbowLeft,Tracked,-0.232521892,0.023587281,1.120800734,0.367450593
00:04.8,ElbowRight,Tracked,0.132017061,-0.009401628,1.177520871,0.370397206
00:04.8,ElbowLeft,Tracked,-0.235536173,0.019437818,1.144871116,0.37012579
00:04.8,ElbowRight,Tracked,0.129479766,-0.010901858,1.196247101,0.369860276
00:04.9,ElbowLeft,Tracked,-0.237862691,0.018649306,1.160995364,0.370211341
00:04.9,ElbowRight,Tracked,0.128699958,-0.011379017,1.211519957,0.371244678
00:04.9,ElbowLeft,Tracked,-0.241523981,0.015041927,1.178129196,0.372664426
00:04.9,ElbowRight,Tracked,0.127257288,-0.01316087,1.227739692,0.373170501
00:04.9,ElbowLeft,Tracked,-0.242212743,0.008632938,1.192072988,0.371826824
00:04.9,ElbowRight,Tracked,0.12646693,-0.013871713,1.244349837,0.373046953
00:05.0,ElbowLeft,Tracked,-0.246905774,-0.002362394,1.220335603,0.374321151
00:05.0,ElbowRight,Tracked,0.126434416,-0.017346099,1.263507843,0.376126642
00:05.0,ElbowLeft,Tracked,-0.248890132,-0.001958342,1.22674942,0.377434074
00:05.0,ElbowRight,Tracked,0.125231132,-0.017966464,1.273810148,0.377409184
00:05.0,ElbowLeft,Tracked,-0.254376709,0.009066792,1.22721386,0.383411169
00:05.0,ElbowRight,Tracked,0.124263369,-0.019042406,1.282942295,0.383750041
00:05.1,ElbowLeft,Tracked,-0.25608477,0.016271062,1.230773091,0.38552999
00:05.1,ElbowRight,Tracked,0.122014679,-0.018526603,1.290538669,0.384372209
00:05.1,ElbowLeft,Tracked,-0.258955836,0.022040248,1.235223174,0.387096896
00:05.1,ElbowRight,Tracked,0.119421035,-0.018941917,1.297008753,0.38557237
00:05.1,ElbowLeft,Tracked,-0.262264132,0.029501472,1.238645434,0.389148565
00:05.1,ElbowRight,Tracked,0.117831722,-0.017625025,1.299951673,0.387881709
00:05.2,ElbowLeft,Tracked,-0.264842898,0.035706364,1.241622567,0.390751054
00:05.2,ElbowRight,Tracked,0.115471415,-0.017205052,1.301977396,0.38869178
00:05.2,ElbowLeft,Tracked,-0.26601404,0.040519029,1.242199898,0.390431263
00:05.2,ElbowRight,Tracked,0.113185473,-0.018000823,1.303489208,0.388552728
00:05.2,ElbowLeft,Tracked,-0.267751008,0.048089344,1.2441324,0.391156929
00:05.2,ElbowRight,Tracked,0.111699462,-0.018080784,1.304406404,0.389864208
00:05.3,ElbowLeft,Tracked,-0.26895541,0.050046876,1.245355248,0.391186079
00:05.3,ElbowRight,Tracked,0.11093916,-0.018170439,1.305465937,0.390623579
00:05.3,ElbowLeft,Tracked,-0.27016294,0.050434016,1.246949553,0.391624245
00:05.3,ElbowRight,Tracked,0.110100552,-0.018119229,1.306153774,0.390902815
00:05.3,ElbowLeft,Tracked,-0.271391094,0.05035843,1.248925686,0.391790914
00:05.3,ElbowRight,Tracked,0.109547138,-0.018422864,1.30768013,0.391531464
00:05.4,ElbowLeft,Tracked,-0.271539688,0.048755325,1.251330972,0.391043867
00:05.4,ElbowRight,Tracked,0.109095305,-0.018880162,1.30950892,0.39095042
00:05.4,ElbowLeft,Tracked,-0.27156648,0.048160505,1.252937078,0.39063822
00:05.4,ElbowRight,Tracked,0.108779073,-0.019321699,1.310770392,0.390590937
00:05.4,ElbowLeft,Tracked,-0.271988422,0.048066426,1.254971147,0.390689903
00:05.4,ElbowRight,Tracked,0.108501621,-0.019562805,1.311642408,0.39058676
00:05.5,ElbowLeft,Tracked,-0.272327244,0.048427641,1.255920768,0.390842969
00:05.5,ElbowRight,Tracked,0.108347416,-0.019598536,1.312073231,0.390760613
00:05.5,ElbowLeft,Tracked,-0.27273199,0.049384199,1.256952763,0.39117566
00:05.5,ElbowRight,Tracked,0.108204022,-0.019354938,1.312306285,0.391025992
00:05.5,ElbowLeft,Tracked,-0.272742242,0.050602123,1.257708669,0.391145684
00:05.5,ElbowRight,Tracked,0.108766459,-0.018660601,1.312935114,0.391658236
00:05.6,ElbowLeft,Tracked,-0.272739738,0.051639184,1.258016229,0.391797297
00:05.6,ElbowRight,Tracked,0.108671874,-0.018547377,1.312960267,0.39168842
00:05.6,ElbowLeft,Tracked,-0.272612333,0.052398637,1.258437157,0.391642379
00:05.6,ElbowRight,Tracked,0.108917177,-0.018068517,1.313115835,0.391816468
00:05.6,ElbowLeft,Tracked,-0.272618085,0.05319659,1.258477807,0.391960694
00:05.6,ElbowRight,Tracked,0.108833559,-0.018125208,1.313133836,0.391892124
00:05.7,ElbowLeft,Tracked,-0.272615463,0.053449426,1.25849545,0.391933205
00:05.7,ElbowRight,Tracked,0.10880436,-0.018114815,1.313140512,0.39190382
00:05.7,ElbowLeft,Tracked,-0.272675574,0.053593792,1.258572221,0.391978013
00:05.7,ElbowRight,Tracked,0.108967267,-0.017978696,1.313379765,0.392145057
00:05.7,ElbowLeft,Tracked,-0.272770405,0.053654566,1.258893251,0.392203716
00:05.7,ElbowRight,Tracked,0.109114587,-0.017834673,1.313520789,0.392340447
00:05.8,ElbowLeft,Tracked,-0.272822022,0.05378139,1.258971334,0.392402953
00:05.8,ElbowRight,Tracked,0.108916394,-0.017982464,1.313514233,0.39223615
00:05.8,ElbowLeft,Tracked,-0.27283147,0.053808957,1.259047508,0.392239804
00:05.8,ElbowRight,Tracked,0.109037235,-0.017824978,1.313701272,0.392354639
00:05.8,ElbowLeft,Tracked,-0.27282241,0.054211136,1.259146929,0.392405615
00:05.8,ElbowRight,Tracked,0.10934896,-0.017420013,1.314278245,0.392715469
00:05.9,ElbowLeft,Tracked,-0.272654742,0.054803476,1.259251595,0.392646142
00:05.9,ElbowRight,Tracked,0.109513335,-0.017275639,1.314488411,0.392809042
00:05.9,ElbowLeft,Tracked,-0.272477418,0.05518895,1.259308577,0.39269946
00:05.9,ElbowRight,Tracked,0.109556749,-0.017237309,1.314568877,0.392745935
00:05.9,ElbowLeft,Tracked,-0.272404104,0.055531286,1.259288192,0.392740775
00:05.9,ElbowRight,Tracked,0.109563373,-0.016868683,1.314605951,0.392684306
00:06.0,ElbowLeft,Tracked,-0.272368968,0.05567272,1.259262323,0.392679876
00:06.0,ElbowRight,Tracked,0.109244645,-0.017084321,1.314717412,0.392425538
00:06.0,ElbowLeft,Tracked,-0.272362739,0.055788744,1.259226084,0.392446132
00:06.0,ElbowRight,Tracked,0.108992532,-0.017238267,1.314756393,0.392235136
00:06.0,ElbowLeft,Tracked,-0.272369653,0.05595798,1.259146929,0.392284615
00:06.0,ElbowRight,Tracked,0.108946025,-0.01723435,1.31479311,0.39224388
00:06.1,ElbowLeft,Tracked,-0.272436023,0.055958468,1.259039283,0.392323775
00:06.1,ElbowRight,Tracked,0.108725511,-0.017288119,1.314642191,0.392098024
00:06.1,ElbowLeft,Tracked,-0.272609293,0.055448841,1.258902431,0.392191049
00:06.1,ElbowRight,Tracked,0.108603045,-0.017388938,1.314584136,0.392082442
00:06.1,ElbowLeft,Tracked,-0.272612751,0.055000946,1.258720636,0.392028709
00:06.1,ElbowRight,Tracked,0.108861007,-0.017095666,1.31469965,0.392242016
00:06.2,ElbowLeft,Tracked,-0.272706836,0.054465007,1.258537292,0.392261596
00:06.2,ElbowRight,Tracked,0.10876701,-0.017206587,1.314721704,0.392193576
00:06.2,ElbowLeft,Tracked,-0.272993624,0.053813968,1.258247495,0.392395766
00:06.2,ElbowRight,Tracked,0.108637176,-0.017559256,1.314582348,0.392313422
00:06.2,ElbowLeft,Tracked,-0.273161948,0.053594369,1.258080602,0.392461281
00:06.2,ElbowRight,Tracked,0.108532272,-0.017764252,1.314558983,0.392393091
00:06.3,ElbowLeft,Tracked,-0.273359984,0.05328586,1.257846832,0.392563475
00:06.3,ElbowRight,Tracked,0.108473212,-0.01784084,1.314455748,0.392504988
00:06.3,ElbowLeft,Tracked,-0.273460031,0.052932646,1.257543802,0.392582294
00:06.3,ElbowRight,Tracked,0.108403988,-0.017909916,1.314228535,0.39249453
00:06.3,ElbowLeft,Tracked,-0.273425072,0.052617226,1.256864071,0.392502473
00:06.3,ElbowRight,Tracked,0.108307198,-0.017969424,1.314008951,0.392386975
00:06.4,ElbowLeft,Tracked,-0.273434073,0.052263018,1.255777001,0.392491979
00:06.4,ElbowRight,Tracked,0.108181611,-0.017863449,1.313428402,0.392265134
00:06.4,ElbowLeft,Tracked,-0.27219069,0.052388564,1.252986431,0.391499252
00:06.4,ElbowRight,Tracked,0.108110979,-0.017539328,1.312633395,0.391250597
00:06.4,ElbowLeft,Tracked,-0.271278799,0.051887609,1.249278903,0.390858663
00:06.4,ElbowRight,Tracked,0.107857466,-0.016993117,1.311364055,0.390311962
00:06.5,ElbowLeft,Tracked,-0.270477504,0.051864535,1.245357633,0.390173773
00:06.5,ElbowRight,Tracked,0.108830571,-0.015276411,1.309216261,0.390461837
00:06.5,ElbowLeft,Tracked,-0.269337028,0.050602943,1.240957141,0.389884765
00:06.5,ElbowRight,Tracked,0.110551462,-0.011349089,1.30481708,0.390168439
00:06.5,ElbowLeft,Tracked,-0.266869873,0.047332764,1.233839035,0.388494925
00:06.5,ElbowRight,Tracked,0.110805973,-0.010779711,1.300068736,0.387817583
00:06.6,ElbowLeft,Tracked,-0.26465404,0.042660836,1.225803018,0.386447294
00:06.6,ElbowRight,Tracked,0.110823527,-0.009878723,1.29161799,0.38480569
00:06.6,ElbowLeft,Tracked,-0.262337148,0.037804581,1.219205022,0.383100803
00:06.6,ElbowRight,Tracked,0.110969223,-0.009664826,1.282737136,0.381637683
00:06.6,ElbowLeft,Tracked,-0.261437327,0.033107564,1.211390257,0.381584188
00:06.6,ElbowRight,Tracked,0.110697284,-0.010187823,1.270885468,0.379339346
00:06.7,ElbowLeft,Tracked,-0.260517895,0.029422777,1.204161763,0.379238397
00:06.7,ElbowRight,Tracked,0.11022678,-0.011823135,1.261647463,0.377435352
00:06.7,ElbowLeft,Tracked,-0.258686185,0.02189922,1.201181412,0.375353322
00:06.7,ElbowRight,Tracked,0.112326704,-0.010388328,1.247543335,0.375289858
00:06.7,ElbowLeft,Tracked,-0.257016182,0.016856132,1.195755363,0.373949759
00:06.7,ElbowRight,Tracked,0.112710252,-0.012236923,1.234912157,0.372930686
00:06.8,ElbowLeft,Tracked,-0.255668014,0.011966965,1.186913848,0.372279751
00:06.8,ElbowRight,Tracked,0.113499641,-0.014771361,1.223351955,0.37192396
00:06.8,ElbowLeft,Tracked,-0.253422558,0.009767578,1.176816463,0.370674537
00:06.8,ElbowRight,Tracked,0.112722203,-0.017386273,1.210519791,0.368693955
00:06.8,ElbowLeft,Tracked,-0.250202715,0.009226896,1.159904718,0.367402562
00:06.8,ElbowRight,Tracked,0.113601424,-0.020164575,1.200682521,0.367260316
00:06.9,ElbowLeft,Tracked,-0.24786517,0.009799242,1.146194816,0.366776279
00:06.9,ElbowRight,Tracked,0.11597456,-0.02429314,1.189201236,0.367955422
00:06.9,ElbowLeft,Tracked,-0.244199514,0.008950176,1.130873084,0.36637775
00:06.9,ElbowRight,Tracked,0.119694121,-0.023857025,1.171338677,0.367603529
00:06.9,ElbowLeft,Tracked,-0.240915328,0.005980153,1.120697498,0.365368254
00:06.9,ElbowRight,Tracked,0.123394184,-0.025163619,1.15925169,0.367665311
00:07.0,ElbowLeft,Tracked,-0.236978024,0.006418924,1.107172608,0.36548299
00:07.0,ElbowRight,Tracked,0.126621649,-0.023461059,1.147527575,0.367050485
00:07.0,ElbowLeft,Tracked,-0.217306137,0.007561332,1.082898259,0.351319881
00:07.0,ElbowRight,Tracked,0.131197602,-0.021881871,1.134331346,0.353506889
00:07.0,ElbowLeft,Tracked,-0.221541375,0.009596849,1.071976542,0.359588399
00:07.0,ElbowRight,Tracked,0.136146635,-0.021533582,1.121137857,0.362390192
00:07.1,ElbowLeft,Tracked,-0.214325339,0.012496103,1.058413148,0.357663267
00:07.1,ElbowRight,Tracked,0.141738221,-0.015563414,1.10918057,0.360757434
00:07.1,ElbowLeft,Tracked,-0.210529149,0.017508235,1.043928981,0.359782995
00:07.1,ElbowRight,Tracked,0.145677075,-0.008877471,1.097669482,0.361202326
00:07.1,ElbowLeft,Tracked,-0.210245982,0.023081362,1.034640312,0.362870866
00:07.1,ElbowRight,Tracked,0.151167706,0.008469443,1.083874822,0.365044379
00:07.2,ElbowLeft,Tracked,-0.216560811,0.032577887,1.027572632,0.372794066
00:07.2,ElbowRight,Tracked,0.152070642,0.017124737,1.07571578,0.372082935
00:07.2,ElbowLeft,Tracked,-0.219688833,0.045112025,1.020170212,0.376926658
00:07.2,ElbowRight,Tracked,0.155609772,0.033193853,1.066952705,0.378390918
00:07.2,ElbowLeft,Tracked,-0.213271216,0.060083438,1.011475682,0.373997236
00:07.2,ElbowRight,Tracked,0.153227597,0.047738407,1.057764649,0.369616623
00:07.3,ElbowLeft,Tracked,-0.216495365,0.074294046,1.00676167,0.374167843
00:07.3,ElbowRight,Tracked,0.154465556,0.076265931,1.04819715,0.37327308
00:07.3,ElbowLeft,Tracked,-0.218283445,0.107231729,1.00109005,0.376987768
00:07.3,ElbowRight,Tracked,0.154345363,0.088946588,1.042697787,0.375390169
00:07.3,ElbowLeft,Tracked,-0.217966184,0.1207726,0.99817723,0.376312189
00:07.3,ElbowRight,Tracked,0.154477611,0.099935532,1.037188411,0.375060577
00:07.4,ElbowLeft,Tracked,-0.215644598,0.143948227,0.996126652,0.374984847
00:07.4,ElbowRight,Tracked,0.156185001,0.145587847,1.033719063,0.373728683
00:07.4,ElbowLeft,Tracked,-0.213433802,0.165562287,0.992387474,0.372458505
00:07.4,ElbowRight,Tracked,0.15497978,0.148667604,1.031331897,0.370851272
00:07.4,ElbowLeft,Tracked,-0.213336885,0.177356124,0.990516365,0.371680111
00:07.4,ElbowRight,Tracked,0.153471231,0.150111914,1.029035687,0.369829933
00:07.5,ElbowLeft,Tracked,-0.214182392,0.191592455,0.986402094,0.372434484
00:07.5,ElbowRight,Tracked,0.155639857,0.177580357,1.022214293,0.371816283
00:07.5,ElbowLeft,Tracked,-0.216037929,0.196852848,0.977949262,0.374800212
00:07.5,ElbowRight,Tracked,0.15622288,0.194235191,1.021449327,0.374802905
00:07.5,ElbowLeft,Tracked,-0.211414441,0.211383849,0.9746328,0.371002781
00:07.5,ElbowRight,Tracked,0.166224211,0.194692194,1.023825884,0.381194862
00:07.6,ElbowLeft,Tracked,-0.207605571,0.220825523,0.971145988,0.378426781
00:07.6,ElbowRight,Tracked,0.181263089,0.200869352,1.021601915,0.392635816
00:07.6,ElbowLeft,Tracked,-0.204828158,0.214773312,0.964033842,0.390607033
00:07.6,ElbowRight,Inferred,0.176544607,0.200129807,1.024427414,0.386402642
00:07.6,ElbowLeft,Inferred,-0.21643889,0.21643348,0.95772028,0.39893819
00:07.6,ElbowRight,Inferred,0.180844426,0.206003204,1.019731879,0.402229116
00:07.7,ElbowLeft,Tracked,-0.229152083,0.341435075,0.968797803,0.434779495
00:07.7,ElbowRight,Inferred,0.191440359,0.243443966,0.936663926,0.433050627
00:07.7,ElbowLeft,Tracked,-0.225097984,0.325123221,0.981796801,0.426863758
00:07.7,ElbowRight,Inferred,0.189710647,0.252548873,0.932715595,0.423960141
00:07.7,ElbowLeft,Tracked,-0.230564669,0.346452951,0.976800621,0.432888908
00:07.7,ElbowRight,Tracked,0.124227457,0.329406619,0.916497111,0.360283976
00:07.8,ElbowLeft,Tracked,-0.2256677,0.341658592,0.979343474,0.355705492
00:07.8,ElbowRight,Tracked,0.116746649,0.327950299,0.915413022,0.348600927
00:07.8,ElbowLeft,Tracked,-0.224314645,0.347460985,0.979359031,0.347552248
00:07.8,ElbowRight,Tracked,0.111434668,0.335651368,0.916461706,0.341794005
00:07.8,ElbowLeft,Tracked,-0.223983616,0.35231936,0.979722202,0.341738405
00:07.8,ElbowRight,Tracked,0.103650495,0.341519684,0.917888403,0.333592809
00:07.9,ElbowLeft,Tracked,-0.225558579,0.361283064,0.979718208,0.335547509
00:07.9,ElbowRight,Tracked,0.10386467,0.343075097,0.916832626,0.335865752
00:07.9,ElbowLeft,Tracked,-0.226180404,0.365539074,0.98036921,0.336854982
00:07.9,ElbowRight,Tracked,0.115260839,0.34789142,0.911426604,0.348778792
00:07.9,ElbowLeft,Tracked,-0.227606326,0.370608658,0.981207311,0.350632733
00:07.9,ElbowRight,Tracked,0.119346552,0.352943659,0.911280036,0.354370111
00:08.0,ElbowLeft,Tracked,-0.228965849,0.373098344,0.982469141,0.356083738
00:08.0,ElbowRight,Tracked,0.144136921,0.362217844,0.912437022,0.379774353
00:08.0,ElbowLeft,Tracked,-0.238752276,0.387919903,0.986716747,0.39087365
00:08.0,ElbowRight,Tracked,0.146160036,0.37048018,0.915894032,0.391762031
00:08.0,ElbowLeft,Tracked,-0.239768162,0.390396863,0.987508237,0.393021429
00:08.0,ElbowRight,Inferred,0.217102826,0.413155198,1.061104298,0.463319999
00:08.1,ElbowLeft,Tracked,-0.240037024,0.392358243,0.987855911,0.463437894
00:08.1,ElbowRight,Inferred,0.217011303,0.413314909,1.060935497,0.463328157
00:08.1,ElbowLeft,Tracked,-0.240128815,0.392813951,0.987855792,0.463398338
00:08.1,ElbowRight,Inferred,0.217760026,0.413668454,1.061149955,0.464186531
00:08.1,ElbowLeft,Tracked,-0.240408301,0.393132061,0.988077879,0.464413058
00:08.1,ElbowRight,Inferred,0.218489915,0.414066494,1.061088085,0.465141176
00:08.2,ElbowLeft,Tracked,-0.240349084,0.39364621,0.987879455,0.465091086
00:08.2,ElbowRight,Inferred,0.219016403,0.414469481,1.061097383,0.465629815
00:08.2,ElbowLeft,Tracked,-0.233393461,0.399564058,0.986161411,0.458816146
00:08.2,ElbowRight,Inferred,0.219299048,0.414508969,1.059958458,0.458911606
00:08.2,ElbowLeft,Tracked,-0.232557192,0.394077122,0.98587954,0.458343985
00:08.2,ElbowRight,Inferred,0.219521165,0.414417744,1.059642434,0.458507957
00:08.3,ElbowLeft,Tracked,-0.233133495,0.38368696,0.985535502,0.459709103
00:08.3,ElbowRight,Inferred,0.220678806,0.413504303,1.058027267,0.460532013
00:08.3,ElbowLeft,Tracked,-0.232027084,0.382152408,0.984924376,0.459640726
00:08.3,ElbowRight,Inferred,0.22147429,0.413619936,1.055950522,0.46010696
00:08.3,ElbowLeft,Tracked,-0.230992764,0.382971764,0.984497309,0.459098363
00:08.3,ElbowRight,Inferred,0.222514197,0.413752258,1.0540694,0.459843755
00:08.4,ElbowLeft,Tracked,-0.23024863,0.383489996,0.984130919,0.459131107
00:08.4,ElbowRight,Inferred,0.223401502,0.413815022,1.052608252,0.459790381
00:08.4,ElbowLeft,Tracked,-0.229304671,0.38417089,0.983639896,0.458888099
00:08.4,ElbowRight,Tracked,0.212113798,0.426621407,1.037962437,0.446769795
00:08.4,ElbowLeft,Tracked,-0.228449225,0.384890169,0.983058393,0.44592794
00:08.4,ElbowRight,Tracked,0.199263066,0.407138735,1.041296721,0.432232005
00:08.5,ElbowLeft,Tracked,-0.22604771,0.38871929,0.982201457,0.429791556
00:08.5,ElbowRight,Tracked,0.198881179,0.406128734,1.040839434,0.429308818
00:08.5,ElbowLeft,Tracked,-0.223563418,0.390471876,0.98111546,0.426932697
00:08.5,ElbowRight,Tracked,0.201662377,0.402241886,1.040505171,0.429514432
00:08.5,ElbowLeft,Tracked,-0.222040474,0.391432464,0.980254531,0.428101728
00:08.5,ElbowRight,Tracked,0.211809516,0.414608717,1.037027955,0.43816227
00:08.6,ElbowLeft,Tracked,-0.220676661,0.392252624,0.979534805,0.436863308
00:08.6,ElbowRight,Tracked,0.212619752,0.417070687,1.033454299,0.437343148
00:08.6,ElbowLeft,Tracked,-0.219224721,0.392849386,0.978710294,0.435973883
00:08.6,ElbowRight,Tracked,0.2133587,0.418320447,1.031787395,0.436571151
00:08.6,ElbowLeft,Tracked,-0.217836633,0.39549315,0.978135645,0.435119537
00:08.6,ElbowRight,Tracked,0.20436801,0.406720817,1.034162045,0.426053728
00:08.7,ElbowLeft,Tracked,-0.217177957,0.395581424,0.977586389,0.425471378
00:08.7,ElbowRight,Inferred,0.230431482,0.410167038,1.043852925,0.452723099
00:08.7,ElbowLeft,Tracked,-0.216093943,0.396954536,0.977015257,0.451693258
00:08.7,ElbowRight,Tracked,0.215949401,0.423867047,1.026271343,0.435674071
00:08.7,ElbowLeft,Tracked,-0.215428904,0.396982133,0.976405442,0.435082347
00:08.7,ElbowRight,Tracked,0.215705946,0.423953056,1.025051475,0.434708093
00:08.8,ElbowLeft,Tracked,-0.214726165,0.397696048,0.975925803,0.434021387
00:08.8,ElbowRight,Inferred,0.22912243,0.409831226,1.040253282,0.448650044
00:08.8,ElbowLeft,Tracked,-0.214486033,0.397649825,0.975469291,0.448479454
00:08.8,ElbowRight,Inferred,0.229187846,0.410022736,1.039478183,0.448438109
00:08.8,ElbowLeft,Tracked,-0.214330673,0.39768219,0.975183487,0.448324407
00:08.8,ElbowRight,Inferred,0.230914265,0.405737817,1.0410887,0.450168241
00:08.9,ElbowLeft,Tracked,-0.214238361,0.397643626,0.974847019,0.450127022
00:08.9,ElbowRight,Inferred,0.229818523,0.399595261,1.043498278,0.449336533
00:08.9,ElbowLeft,Tracked,-0.214436978,0.397423625,0.974383533,0.449604842
00:08.9,ElbowRight,Inferred,0.229717806,0.400678009,1.043293118,0.44948036
00:08.9,ElbowLeft,Tracked,-0.214548722,0.397791088,0.973837018,0.449672361
00:08.9,ElbowRight,Inferred,0.230061024,0.399668932,1.043515086,0.450040427
00:09.0,ElbowLeft,Tracked,-0.216898352,0.396321028,0.973923624,0.45235701
00:09.0,ElbowRight,Inferred,0.230303109,0.39843747,1.044010401,0.452665199
00:09.0,ElbowLeft,Tracked,-0.218337715,0.395275027,0.97345078,0.454166544
00:09.0,ElbowRight,Inferred,0.23035264,0.397547632,1.044041038,0.454214909
00:09.0,ElbowLeft,Tracked,-0.219543189,0.394322366,0.972468734,0.455564764
00:09.0,ElbowRight,Inferred,0.229749322,0.396861881,1.044038892,0.454964281
00:09.1,ElbowLeft,Tracked,-0.207531184,0.396312475,0.967974484,0.4438472
00:09.1,ElbowRight,Inferred,0.226436883,0.397326559,1.045038462,0.440758628
00:09.1,ElbowLeft,Tracked,-0.205991611,0.393149793,0.96435374,0.439911209
00:09.1,ElbowRight,Inferred,0.226048201,0.395671785,1.045770407,0.439651491
00:09.1,ElbowLeft,Tracked,-0.207450092,0.390223682,0.959992409,0.441937006
00:09.1,ElbowRight,Inferred,0.225023538,0.397468209,1.045827746,0.440968966
00:09.2,ElbowLeft,Tracked,-0.207057655,0.38479805,0.952236533,0.442282721
00:09.2,ElbowRight,Inferred,0.234625757,0.358008623,1.043112636,0.451730423
00:09.2,ElbowLeft,Tracked,-0.227016613,0.339586169,0.969853997,0.467781885
00:09.2,ElbowRight,Inferred,0.236298203,0.376877129,1.021388292,0.467661222
00:09.2,ElbowLeft,Tracked,-0.208915323,0.305875391,0.956417501,0.455497019
00:09.2,ElbowRight,Tracked,0.164672077,0.272858262,0.956326962,0.375043576
00:09.3,ElbowLeft,Tracked,-0.225519225,0.357411444,0.92647022,0.400362233
00:09.3,ElbowRight,Tracked,0.17101717,0.2708067,0.961024106,0.407351771
00:09.3,ElbowLeft,Tracked,-0.197026178,0.324478388,0.886266947,0.379374734
00:09.3,ElbowRight,Tracked,0.170766607,0.263029218,0.981625438,0.384890602
00:09.3,ElbowLeft,Tracked,-0.21097143,0.285791993,0.858899832,0.401626253
00:09.3,ElbowRight,Tracked,0.184185773,0.216486961,0.985006332,0.420541618
00:09.4,ElbowLeft,Tracked,-0.218037754,0.194166034,0.952947199,0.404116045
00:09.4,ElbowRight,Tracked,0.16156368,0.192321971,1.012914777,0.384313361
00:09.4,ElbowLeft,Tracked,-0.215467915,0.18799293,0.962290585,0.38043971
00:09.4,ElbowRight,Tracked,0.153087199,0.188573092,1.010395408,0.371681695
00:09.4,ElbowLeft,Tracked,-0.21261391,0.182475209,0.965197563,0.368534029
00:09.4,ElbowRight,Tracked,0.153637916,0.175881386,1.009950399,0.369034816
00:09.5,ElbowLeft,Tracked,-0.211465955,0.163326889,0.970719099,0.367420123
00:09.5,ElbowRight,Tracked,0.155675352,0.159624025,1.010737658,0.369334449
00:09.5,ElbowLeft,Tracked,-0.213245094,0.155104458,0.974175274,0.37075535
00:09.5,ElbowRight,Tracked,0.142574191,0.142869577,1.009669065,0.357794445
00:09.5,ElbowLeft,Tracked,-0.214373887,0.152045235,0.978607416,0.358414493
00:09.5,ElbowRight,Tracked,0.147546858,0.138674498,1.014338493,0.36392597
00:09.6,ElbowLeft,Tracked,-0.215207219,0.134622023,0.987122416,0.363796176
00:09.6,ElbowRight,Tracked,0.152652875,0.121179059,1.017918706,0.369391626
00:09.6,ElbowLeft,Tracked,-0.214517295,0.081165612,0.990056098,0.370393486
00:09.6,ElbowRight,Tracked,0.154337347,0.106594831,1.022342563,0.371137182
00:09.6,ElbowLeft,Tracked,-0.21493426,0.076029584,0.99029994,0.371917307
00:09.6,ElbowRight,Tracked,0.157634705,0.09257704,1.02942574,0.37498304
00:09.7,ElbowLeft,Tracked,-0.213847518,0.067555547,0.993604422,0.374043158
00:09.7,ElbowRight,Tracked,0.159334779,0.081224054,1.036712408,0.375912428
00:09.7,ElbowLeft,Tracked,-0.213326305,0.059059605,0.997157753,0.375409266
00:09.7,ElbowRight,Tracked,0.159701377,0.069086917,1.042523384,0.375909882
00:09.7,ElbowLeft,Tracked,-0.213532835,0.048261743,1.00164485,0.376043242
00:09.7,ElbowRight,Tracked,0.162096098,0.057474397,1.048789024,0.378687921
00:09.8,ElbowLeft,Tracked,-0.213274717,0.037697356,1.005677223,0.378355663
00:09.8,ElbowRight,Tracked,0.162320614,0.03636533,1.055999398,0.378953755
00:09.8,ElbowLeft,Tracked,-0.213857919,0.0273204,1.010388732,0.379041465
00:09.8,ElbowRight,Tracked,0.162119195,0.027379729,1.061477661,0.379432303
00:09.8,ElbowLeft,Tracked,-0.214767605,0.016542897,1.016280174,0.379741899
00:09.8,ElbowRight,Tracked,0.159373701,0.012148015,1.070031166,0.378008202
00:09.9,ElbowLeft,Tracked,-0.21538502,0.011163738,1.022318959,0.377785021
00:09.9,ElbowRight,Tracked,0.159597397,0.00304764,1.07876718,0.379294194
00:09.9,ElbowLeft,Tracked,-0.216084838,0.005302875,1.03028512,0.378804353
00:09.9,ElbowRight,Tracked,0.15723747,-0.009102786,1.088343382,0.378084422
00:09.9,ElbowLeft,Tracked,-0.217609257,4.65E-05,1.039661288,0.37810544
00:09.9,ElbowRight,Tracked,0.155634925,-0.01357704,1.096600413,0.377807997
00:10.0,ElbowLeft,Tracked,-0.218387157,-0.002719835,1.048804402,0.377219903
00:10.0,ElbowRight,Tracked,0.153746158,-0.016207442,1.107250929,0.376936488
00:10.0,ElbowLeft,Tracked,-0.216440082,-0.004198642,1.05834806,0.373595441
00:10.0,ElbowRight,Tracked,0.15134269,-0.015849218,1.118996978,0.37293189
00:10.0,ElbowLeft,Tracked,-0.219918042,-0.005446211,1.072104931,0.374354936
00:10.0,ElbowRight,Tracked,0.149493247,-0.014659002,1.130389214,0.374094419
00:10.1,ElbowLeft,Tracked,-0.219335616,-0.006486662,1.08248961,0.37201598
00:10.1,ElbowRight,Tracked,0.147899762,-0.019510582,1.143749952,0.372537615
00:10.1,ElbowLeft,Tracked,-0.219181344,-0.005999759,1.094956994,0.370556114
00:10.1,ElbowRight,Tracked,0.147436321,-0.018351424,1.156199336,0.37190281
00:10.1,ElbowLeft,Tracked,-0.222852677,-0.005836568,1.111638546,0.373170507
00:10.1,ElbowRight,Tracked,0.146116376,-0.017028645,1.166679263,0.373219647
00:10.2,ElbowLeft,Tracked,-0.224649012,-0.005768104,1.121711731,0.373652046
00:10.2,ElbowRight,Tracked,0.142536938,-0.016721433,1.178025603,0.371640619
00:10.2,ElbowLeft,Tracked,-0.225794017,-0.005631617,1.133691669,0.371155189
00:10.2,ElbowRight,Tracked,0.142588422,-0.018866975,1.190345168,0.372948274
00:10.2,ElbowLeft,Tracked,-0.228009418,-0.004403477,1.144494414,0.373703416
00:10.2,ElbowRight,Tracked,0.141626358,-0.019054886,1.20046699,0.374136606
00:10.3,ElbowLeft,Tracked,-0.227631807,-0.003217963,1.152921796,0.372643189
00:10.3,ElbowRight,Tracked,0.13487348,-0.018349424,1.208826423,0.367102672
00:10.3,ElbowLeft,Tracked,-0.23176384,-0.002856255,1.164765596,0.369600215
00:10.3,ElbowRight,Tracked,0.131961495,-0.019510902,1.217300177,0.367876852
00:10.3,ElbowLeft,Tracked,-0.234158054,-0.002428815,1.172371864,0.369261256
00:10.3,ElbowRight,Tracked,0.129849583,-0.019842736,1.225509405,0.368277616
00:10.4,ElbowLeft,Tracked,-0.237503126,-0.001235455,1.183772206,0.370184059
00:10.4,ElbowRight,Tracked,0.127351582,-0.022791006,1.236984253,0.369344178
00:10.4,ElbowLeft,Tracked,-0.241579995,-0.000891387,1.193083882,0.372179183
00:10.4,ElbowRight,Tracked,0.125204265,-0.0233378,1.246370077,0.37131382
00:10.4,ElbowLeft,Tracked,-0.244930357,-0.000631705,1.202743173,0.373387884
00:10.4,ElbowRight,Tracked,0.123342291,-0.022531411,1.250460386,0.371996334
00:10.5,ElbowLeft,Tracked,-0.247913614,0.000981659,1.210578203,0.374131527
00:10.5,ElbowRight,Tracked,0.120733976,-0.021551821,1.25536108,0.372040736
00:10.5,ElbowLeft,Tracked,-0.251120508,0.000135183,1.214563251,0.374713953
00:10.5,ElbowRight,Tracked,0.118506044,-0.020496847,1.261862516,0.37321132
00:10.5,ElbowLeft,Tracked,-0.256186754,-0.001173952,1.22025001,0.377491281
00:10.5,ElbowRight,Tracked,0.115766376,-0.01935567,1.267680645,0.375405608
00:10.6,ElbowLeft,Tracked,-0.258852601,0.001007258,1.22493434,0.377599356
00:10.6,ElbowRight,Tracked,0.113714561,-0.017578041,1.273436189,0.376170351
00:10.6,ElbowLeft,Tracked,-0.260615408,0.002742845,1.228495955,0.377565211
00:10.6,ElbowRight,Tracked,0.111786135,-0.017625941,1.28083241,0.376612402
00:10.6,ElbowLeft,Tracked,-0.262472689,0.00395391,1.234721661,0.37770565
00:10.6,ElbowRight,Tracked,0.109960675,-0.017390847,1.286580682,0.376631873
00:10.7,ElbowLeft,Tracked,-0.265587121,0.005210978,1.23982656,0.379121271
00:10.7,ElbowRight,Tracked,0.108504735,-0.018077608,1.291956186,0.378423801
00:10.7,ElbowLeft,Tracked,-0.266818017,0.006117561,1.242451072,0.379345925
00:10.7,ElbowRight,Tracked,0.106235035,-0.019143762,1.294247627,0.377477942
00:10.7,ElbowLeft,Tracked,-0.269051611,0.006864518,1.247206211,0.379116595
00:10.7,ElbowRight,Tracked,0.104528502,-0.018936649,1.297412872,0.377820738
00:10.8,ElbowLeft,Tracked,-0.270440131,0.007808232,1.249030232,0.379021957
00:10.8,ElbowRight,Tracked,0.10272707,-0.019872364,1.300754547,0.377750421
00:10.8,ElbowLeft,Tracked,-0.272186428,0.008115655,1.251990199,0.379106083
00:10.8,ElbowRight,Tracked,0.102628767,-0.02136047,1.306906343,0.379961914
00:10.8,ElbowLeft,Tracked,-0.273786575,0.01111266,1.251625538,0.381836328
00:10.8,ElbowRight,Tracked,0.102102891,-0.021533286,1.309064507,0.381651521
00:10.9,ElbowLeft,Tracked,-0.275035143,0.012862283,1.251539946,0.38304729
00:10.9,ElbowRight,Tracked,0.101848155,-0.021202043,1.310652733,0.383008773
00:10.9,ElbowLeft,Tracked,-0.27537024,0.01423549,1.251422405,0.383481119
00:10.9,ElbowRight,Tracked,0.102342926,-0.02053169,1.312516332,0.384198465
00:10.9,ElbowLeft,Tracked,-0.275629073,0.014955997,1.25141418,0.384520066
00:10.9,ElbowRight,Tracked,0.102608375,-0.020033998,1.313707471,0.384926384
00:11.0,ElbowLeft,Tracked,-0.275619984,0.015922559,1.251485944,0.384994914
00:11.0,ElbowRight,Tracked,0.102750577,-0.019891636,1.314530611,0.385255198
00:11.0,ElbowLeft,Tracked,-0.275580645,0.016558707,1.251581073,0.385260672
00:11.0,ElbowRight,Tracked,0.102913111,-0.019753529,1.315052032,0.385492755
00:11.0,ElbowLeft,Tracked,-0.27603811,0.016933471,1.2517941,0.385942393
00:11.0,ElbowRight,Tracked,0.102997318,-0.019575633,1.31551373,0.386084138
00:11.1,ElbowLeft,Tracked,-0.275963724,0.017406888,1.251845121,0.386047756
00:11.1,ElbowRight,Tracked,0.103164487,-0.019587206,1.315834403,0.386265959
00:11.1,ElbowLeft,Tracked,-0.275826752,0.017797817,1.251881838,0.386163087
00:11.1,ElbowRight,Tracked,0.103439629,-0.019978156,1.316367507,0.386559715
00:11.1,ElbowLeft,Tracked,-0.275433004,0.018318919,1.251841426,0.386231476
00:11.1,ElbowRight,Tracked,0.103472941,-0.020014701,1.316453338,0.386282125
00:11.2,ElbowLeft,Tracked,-0.275437504,0.018397646,1.251841664,0.38629432
00:11.2,ElbowRight,Tracked,0.103697442,-0.020167105,1.316682935,0.386568154
00:11.2,ElbowLeft,Tracked,-0.274881601,0.0187486,1.251718879,0.386078816
00:11.2,ElbowRight,Tracked,0.104077071,-0.020375187,1.317003965,0.386526181
00:11.2,ElbowLeft,Tracked,-0.274642974,0.018975038,1.251644611,0.386327786
00:11.2,ElbowRight,Tracked,0.104400992,-0.020986417,1.317488074,0.386790134
00:11.3,ElbowLeft,Tracked,-0.274087906,0.019236127,1.251529098,0.386293005
00:11.3,ElbowRight,Tracked,0.104846887,-0.021590671,1.317889214,0.386861823
00:11.3,ElbowLeft,Tracked,-0.273917079,0.019342216,1.251474261,0.386715127
00:11.3,ElbowRight,Tracked,0.105285779,-0.021819366,1.318360329,0.387250344
00:11.3,ElbowLeft,Tracked,-0.273753792,0.019468909,1.251475096,0.3871038
00:11.3,ElbowRight,Tracked,0.105524495,-0.022031249,1.318695664,0.387418233
00:11.4,ElbowLeft,Tracked,-0.27358076,0.019641176,1.251445174,0.387272532
00:11.4,ElbowRight,Tracked,0.105566882,-0.022062272,1.318750262,0.387326847
00:11.4,ElbowLeft,Tracked,-0.273391515,0.019752981,1.251453638,0.387152189
00:11.4,ElbowRight,Tracked,0.105756879,-0.022288512,1.31908524,0.387420992
00:11.4,ElbowLeft,Tracked,-0.273296922,0.019830532,1.251456499,0.387336346
00:11.4,ElbowRight,Tracked,0.105843648,-0.022653457,1.319337249,0.387505171
00:11.5,ElbowLeft,Tracked,-0.273304909,0.019869424,1.251457095,0.387517147
00:11.5,ElbowRight,Tracked,0.105872013,-0.022625107,1.319348812,0.387543815
00:11.5,ElbowLeft,Tracked,-0.273343891,0.019919097,1.251486301,0.38758229
00:11.5,ElbowRight,Tracked,0.105951965,-0.022630809,1.319424748,0.387674442
00:11.5,ElbowLeft,Tracked,-0.273407459,0.019963555,1.251499653,0.387739179
00:11.5,ElbowRight,Tracked,0.105972037,-0.022647886,1.319464684,0.387767691
00:11.6,ElbowLeft,Tracked,-0.27347362,0.020013545,1.251522303,0.387833948
00:11.6,ElbowRight,Tracked,0.105996966,-0.022659628,1.319507957,0.387867213
00:11.6,ElbowLeft,Tracked,-0.273586273,0.020116929,1.251583457,0.387978101
00:11.6,ElbowRight,Tracked,0.106009334,-0.022680985,1.319533944,0.387997107
00:11.6,ElbowLeft,Tracked,-0.27376163,0.020182014,1.251625419,0.388168507
00:11.6,ElbowRight,Tracked,0.106031343,-0.022672845,1.319543719,0.388190851
00:11.7,ElbowLeft,Tracked,-0.273819625,0.020216385,1.251621366,0.388252097
00:11.7,ElbowRight,Tracked,0.106018245,-0.022653848,1.319507241,0.388230804
00:11.7,ElbowLeft,Tracked,-0.273873329,0.020238014,1.251555681,0.388297225
00:11.7,ElbowRight,Tracked,0.10592933,-0.022462003,1.319091439,0.388116516
00:11.7,ElbowLeft,Tracked,-0.273786455,0.020427197,1.251184106,0.388117208
00:11.7,ElbowRight,Tracked,0.105970465,-0.022653891,1.318938017,0.388151892
00:11.8,ElbowLeft,Tracked,-0.273582608,0.020426799,1.250206351,0.388124364
00:11.8,ElbowRight,Tracked,0.105462268,-0.022502629,1.317548633,0.387366669
00:11.8,ElbowLeft,Tracked,-0.273492157,0.020500692,1.248803735,0.387532712
00:11.8,ElbowRight,Tracked,0.105352722,-0.02272382,1.316658497,0.387293261
00:11.8,ElbowLeft,Tracked,-0.272983342,0.020776592,1.245996833,0.387328716
00:11.8,ElbowRight,Tracked,0.104324929,-0.023558654,1.313127875,0.385789739
00:11.9,ElbowLeft,Tracked,-0.273243606,0.020190483,1.242542028,0.386593259
00:11.9,ElbowRight,Tracked,0.102855578,-0.022505952,1.306266189,0.38384157
00:11.9,ElbowLeft,Tracked,-0.272416741,0.017082665,1.241546869,0.382864417
00:11.9,ElbowRight,Tracked,0.104011074,-0.019572791,1.302393317,0.38307155
00:11.9,ElbowLeft,Tracked,-0.271483719,0.01392611,1.238529563,0.382357287
00:11.9,ElbowRight,Tracked,0.103502125,-0.01744891,1.29441762,0.380423777
00:12.0,ElbowLeft,Tracked,-0.269252717,0.012430213,1.232843995,0.378985812
00:12.0,ElbowRight,Tracked,0.104210369,-0.017413454,1.287858009,0.378671181
00:12.0,ElbowLeft,Tracked,-0.267624199,0.010893098,1.226813674,0.377873813
00:12.0,ElbowRight,Tracked,0.10491477,-0.017343521,1.277709246,0.377058284
00:12.0,ElbowLeft,Tracked,-0.265265048,0.009698298,1.217886686,0.375956242
00:12.0,ElbowRight,Tracked,0.104570314,-0.019001391,1.264135361,0.373819217
00:12.1,ElbowLeft,Tracked,-0.261029273,0.007622815,1.201755881,0.371837473
00:12.1,ElbowRight,Tracked,0.105060436,-0.019942606,1.253583074,0.370766214
00:12.1,ElbowLeft,Tracked,-0.257989705,0.008238184,1.189198852,0.369790332
00:12.1,ElbowRight,Tracked,0.106978223,-0.019858789,1.241056085,0.369702854
00:12.1,ElbowLeft,Tracked,-0.256075472,0.009334706,1.175971985,0.369994845
00:12.1,ElbowRight,Tracked,0.108515128,-0.021826886,1.228165627,0.369623493
00:12.2,ElbowLeft,Tracked,-0.252830327,0.009278813,1.161269546,0.368799658
00:12.2,ElbowRight,Tracked,0.110923499,-0.022464208,1.217800856,0.369486473
00:12.2,ElbowLeft,Tracked,-0.249210075,0.007125856,1.149338961,0.367775466
00:12.2,ElbowRight,Tracked,0.113636903,-0.026756493,1.205878735,0.368785424
00:12.2,ElbowLeft,Tracked,-0.244845569,0.004680691,1.134604812,0.366848677
00:12.2,ElbowRight,Tracked,0.116959557,-0.026480872,1.19526732,0.368176496
00:12.3,ElbowLeft,Tracked,-0.24124667,0.003528127,1.119904041,0.367276279
00:12.3,ElbowRight,Tracked,0.121316686,-0.029639449,1.177487373,0.368602924
00:12.3,ElbowLeft,Tracked,-0.237280056,0.004441821,1.10357368,0.367717814
00:12.3,ElbowRight,Tracked,0.125617772,-0.027904004,1.162882924,0.369132324
00:12.3,ElbowLeft,Tracked,-0.232805312,0.004347786,1.086765766,0.367832988
00:12.3,ElbowRight,Tracked,0.12844637,-0.023371456,1.14625752,0.367165362
00:12.4,ElbowLeft,Tracked,-0.229840592,0.005608761,1.071142077,0.367221636
00:12.4,ElbowRight,Tracked,0.133438349,-0.01970163,1.134459615,0.369623207
00:12.4,ElbowLeft,Tracked,-0.227836818,0.009550662,1.058460951,0.370339357
00:12.4,ElbowRight,Tracked,0.137638912,-0.014316842,1.120079517,0.371401419
00:12.4,ElbowLeft,Tracked,-0.225108027,0.01755837,1.042009473,0.372419525
00:12.4,ElbowRight,Tracked,0.139210954,-0.003669038,1.103114724,0.370017263
00:12.5,ElbowLeft,Tracked,-0.222578406,0.026990101,1.032697797,0.369851413
00:12.5,ElbowRight,Tracked,0.144245505,0.013918124,1.090396643,0.371564013
00:12.5,ElbowLeft,Tracked,-0.211996332,0.044117276,1.016368032,0.36510337
00:12.5,ElbowRight,Tracked,0.148161769,0.027591154,1.081560969,0.366383801
00:12.5,ElbowLeft,Tracked,-0.21393013,0.055545017,1.010640144,0.370029357
00:12.5,ElbowRight,Tracked,0.155982375,0.049718875,1.074177146,0.375374687
00:12.6,ElbowLeft,Tracked,-0.206167966,0.072346814,1.000595212,0.370242075
00:12.6,ElbowRight,Tracked,0.150874883,0.069480494,1.067501068,0.363268779
00:12.6,ElbowLeft,Tracked,-0.204659909,0.101039201,0.989674091,0.365319009
00:12.6,ElbowRight,Tracked,0.151542008,0.091136813,1.057952046,0.362821915
00:12.6,ElbowLeft,Tracked,-0.207271278,0.121156096,0.985114038,0.367360187
00:12.6,ElbowRight,Tracked,0.151247993,0.103278652,1.050433517,0.364859295
00:12.7,ElbowLeft,Tracked,-0.205108851,0.14338164,0.980988324,0.365268511
00:12.7,ElbowRight,Tracked,0.152332172,0.145776555,1.043114901,0.362807845
00:12.7,ElbowLeft,Tracked,-0.204338267,0.162686661,0.975566089,0.363404177
00:12.7,ElbowRight,Tracked,0.151082724,0.152331322,1.039155126,0.361213067
00:12.7,ElbowLeft,Tracked,-0.205518007,0.181621507,0.970672846,0.364296335
00:12.7,ElbowRight,Tracked,0.151345164,0.16644223,1.03641808,0.363186135
00:12.8,ElbowLeft,Tracked,-0.202511176,0.197079584,0.958923757,0.363535868
00:12.8,ElbowRight,Tracked,0.157193258,0.18633686,1.032049417,0.367219347
00:12.8,ElbowLeft,Tracked,-0.198926151,0.208385497,0.952175081,0.365632446
00:12.8,ElbowRight,Tracked,0.159199089,0.204006195,1.02957058,0.366419062
00:12.8,ElbowLeft,Tracked,-0.175325349,0.220053628,0.933071554,0.348534333
00:12.8,ElbowRight,Tracked,0.177924961,0.209661305,1.016396523,0.363093421
00:12.9,ElbowLeft,Tracked,-0.169101939,0.203562587,0.926555157,0.358519643
00:12.9,ElbowRight,Inferred,0.18650721,0.211594194,1.011691928,0.365746693
00:12.9,ElbowLeft,Tracked,-0.197062805,0.344210327,0.930132449,0.413962491
00:12.9,ElbowRight,Inferred,0.224700749,0.228990734,0.955494583,0.437953523
00:12.9,ElbowLeft,Tracked,-0.192589894,0.346075118,0.933768809,0.433949586
00:12.9,ElbowRight,Inferred,0.221721351,0.278421491,0.934686422,0.419799551
00:13.0,ElbowLeft,Tracked,-0.194911122,0.326144338,0.940582514,0.419398202
00:13.0,ElbowRight,Inferred,0.171698913,0.316186011,0.95869869,0.367192432
00:13.0,ElbowLeft,Tracked,-0.219621256,0.372839719,0.929986358,0.396441062
00:13.0,ElbowRight,Inferred,0.132582918,0.378038496,0.899315834,0.353575294
00:13.0,ElbowLeft,Tracked,-0.219956428,0.374544591,0.93062377,0.353944041
00:13.0,ElbowRight,Inferred,0.198592231,0.334275424,0.892216206,0.422231839
00:13.1,ElbowLeft,Tracked,-0.219438463,0.375096202,0.931247056,0.421828643
00:13.1,ElbowRight,Tracked,0.228222713,0.400331825,0.963272035,0.449514143
00:13.1,ElbowLeft,Tracked,-0.219925612,0.377509147,0.93133384,0.449864251
00:13.1,ElbowRight,Tracked,0.230118185,0.409800589,0.999379635,0.456302955
00:13.1,ElbowLeft,Tracked,-0.233654767,0.385420412,0.947901845,0.467257646
00:13.1,ElbowRight,Tracked,0.232124269,0.402872503,1.006648779,0.469793453
00:13.2,ElbowLeft,Tracked,-0.234112188,0.385641605,0.946970105,0.470356123
00:13.2,ElbowRight,Tracked,0.231952965,0.402292967,1.002818823,0.469694661
00:13.2,ElbowLeft,Tracked,-0.234912485,0.385524333,0.945977986,0.470611747
00:13.2,ElbowRight,Tracked,0.232294589,0.40082556,1.000004172,0.470569237
00:13.2,ElbowLeft,Tracked,-0.235684693,0.385317087,0.945261717,0.471425347
00:13.2,ElbowRight,Tracked,0.232181981,0.400851429,0.999022186,0.471201367
00:13.3,ElbowLeft,Tracked,-0.23617579,0.385259509,0.945136309,0.471705202
00:13.3,ElbowRight,Tracked,0.231953219,0.400460958,0.996939778,0.471231846
00:13.3,ElbowLeft,Tracked,-0.236671358,0.38513425,0.9436903,0.471889191
00:13.3,ElbowRight,Tracked,0.230692536,0.40035221,0.995435119,0.470465856
00:13.3,ElbowLeft,Tracked,-0.237509996,0.38443327,0.94272095,0.471429535
00:13.3,ElbowRight,Tracked,0.230275065,0.399342299,0.993436992,0.470762423
00:13.4,ElbowLeft,Tracked,-0.238039225,0.384471357,0.941668808,0.471401489
00:13.4,ElbowRight,Tracked,0.229926825,0.398464918,0.991593361,0.470829592
00:13.4,ElbowLeft,Tracked,-0.23854056,0.384158581,0.940271139,0.471487362
00:13.4,ElbowRight,Tracked,0.229092464,0.397458732,0.989771247,0.470433629
00:13.4,ElbowLeft,Tracked,-0.238994688,0.383410871,0.939569116,0.47098108
00:13.4,ElbowRight,Tracked,0.228444606,0.396728277,0.988896608,0.470223403
00:13.5,ElbowLeft,Tracked,-0.239747941,0.381440639,0.93952328,0.471036834
00:13.5,ElbowRight,Tracked,0.228225932,0.396168143,0.986439407,0.470550282
00:13.5,ElbowLeft,Tracked,-0.240193069,0.380259097,0.938739836,0.471110079
00:13.5,ElbowRight,Tracked,0.204604372,0.374878585,0.901827872,0.446358832
00:13.5,ElbowLeft,Tracked,-0.240313128,0.380559921,0.937051773,0.446345811
00:13.5,ElbowRight,Tracked,0.227966249,0.391936004,0.97570467,0.470009613
00:13.6,ElbowLeft,Tracked,-0.240284681,0.380659878,0.93566823,0.470094673
00:13.6,ElbowRight,Tracked,0.227490112,0.392433643,0.976259708,0.46968026
00:13.6,ElbowLeft,Tracked,-0.240135983,0.380726874,0.934317052,0.46964923
00:13.6,ElbowRight,Inferred,0.227269664,0.39245981,0.976513326,0.469453114
00:13.6,ElbowLeft,Tracked,-0.240082577,0.381058037,0.932584584,0.469550692
00:13.6,ElbowRight,Tracked,0.227228492,0.392362505,0.976182699,0.469476541
00:13.7,ElbowLeft,Tracked,-0.239774734,0.381718487,0.931079268,0.469296951
00:13.7,ElbowRight,Tracked,0.227494568,0.392293453,0.975685716,0.469512689
00:13.7,ElbowLeft,Tracked,-0.239374816,0.382175773,0.929532766,0.469254178
00:13.7,ElbowRight,Tracked,0.227896035,0.392078221,0.974944055,0.469576716
00:13.7,ElbowLeft,Tracked,-0.238887846,0.382638812,0.928196251,0.469213865
00:13.7,ElbowRight,Tracked,0.228232086,0.391460985,0.973602116,0.469404468
00:13.8,ElbowLeft,Tracked,-0.23826775,0.383153081,0.926815271,0.468913773
00:13.8,ElbowRight,Tracked,0.209524214,0.376337826,0.902970135,0.448478183
00:13.8,ElbowLeft,Tracked,-0.237992734,0.382897198,0.926493406,0.448182762
00:13.8,ElbowRight,Tracked,0.229565606,0.387368679,0.964997053,0.469162366
00:13.8,ElbowLeft,Tracked,-0.237735361,0.382887721,0.925946116,0.468951221
00:13.8,ElbowRight,Tracked,0.229790926,0.387676835,0.965125382,0.469189492
00:13.9,ElbowLeft,Tracked,-0.237411886,0.382766545,0.925661027,0.468892327
00:13.9,ElbowRight,Tracked,0.229870707,0.387876809,0.9652825,0.468987204
00:13.9,ElbowLeft,Tracked,-0.237245142,0.382739425,0.925404906,0.468843078
00:13.9,ElbowRight,Tracked,0.230047345,0.388113141,0.965387344,0.46903064
00:13.9,ElbowLeft,Tracked,-0.237134725,0.382742226,0.925293207,0.468930137
00:13.9,ElbowRight,Tracked,0.230093718,0.388237804,0.965487182,0.468986326
00:14.0,ElbowLeft,Tracked,-0.237061411,0.382709444,0.925152004,0.468925798
00:14.0,ElbowRight,Tracked,0.230444223,0.388542473,0.965780556,0.469303975
00:14.0,ElbowLeft,Tracked,-0.23696804,0.382670403,0.925107121,0.469215338
00:14.0,ElbowRight,Tracked,0.230584294,0.38857308,0.965666473,0.469345382
00:14.0,ElbowLeft,Tracked,-0.236776277,0.382711887,0.925078809,0.46915628
00:14.0,ElbowRight,Tracked,0.23067227,0.388654739,0.965702772,0.469248088
00:14.1,ElbowLeft,Tracked,-0.236664206,0.382739455,0.924993575,0.469143487
00:14.1,ElbowRight,Tracked,0.230690241,0.388606966,0.965650022,0.469156214
00:14.1,ElbowLeft,Tracked,-0.236442924,0.382389247,0.924905896,0.468947904
00:14.1,ElbowRight,Tracked,0.230551645,0.38861087,0.965740681,0.468817785
00:14.1,ElbowLeft,Tracked,-0.235489726,0.378384918,0.926216304,0.467826149
00:14.1,ElbowRight,Tracked,0.230686396,0.388781726,0.965906322,0.467978171
00:14.2,ElbowLeft,Tracked,-0.234656408,0.375093639,0.927032292,0.467164297
00:14.2,ElbowRight,Tracked,0.230647519,0.389052361,0.966199636,0.46715808
00:14.2,ElbowLeft,Tracked,-0.234529555,0.373433858,0.92733252,0.467059205
00:14.2,ElbowRight,Tracked,0.230530739,0.389218181,0.966892004,0.467006611
00:14.2,ElbowLeft,Tracked,-0.227583736,0.370139062,0.915534139,0.461378928
00:14.2,ElbowRight,Tracked,0.229510248,0.389301419,0.968123376,0.460508126
00:14.3,ElbowLeft,Tracked,-0.227846533,0.368233651,0.913889587,0.461042709
00:14.3,ElbowRight,Tracked,0.228949934,0.389674872,0.969175041,0.460629157
00:14.3,ElbowLeft,Tracked,-0.225731477,0.377034605,0.909676552,0.458731983
00:14.3,ElbowRight,Tracked,0.22897324,0.388537496,0.973693073,0.459333007
00:14.3,ElbowLeft,Tracked,-0.223903716,0.379119158,0.903589606,0.45836747
00:14.3,ElbowRight,Inferred,0.229425058,0.388662636,0.975197732,0.459048776
00:14.4,ElbowLeft,Tracked,-0.187591299,0.311792105,0.903126597,0.430123202
00:14.4,ElbowRight,Tracked,0.205392748,0.397922307,0.991162181,0.411831443
00:14.4,ElbowLeft,Tracked,-0.183776557,0.299872518,0.902527988,0.411001861
00:14.4,ElbowRight,Tracked,0.205942392,0.39877072,1.001555204,0.414087073
00:14.4,ElbowLeft,Tracked,-0.193857536,0.295703024,0.901738048,0.424766285
00:14.4,ElbowRight,Inferred,0.205645323,0.396059215,1.00458765,0.424560879
00:14.5,ElbowLeft,Tracked,-0.199490443,0.288905442,0.901442409,0.431573702
00:14.5,ElbowRight,Tracked,0.203540072,0.396423995,1.019565701,0.433528485
00:14.5,ElbowLeft,Tracked,-0.209679276,0.262069225,0.90591681,0.449129718
00:14.5,ElbowRight,Inferred,0.21780692,0.387004226,1.037922621,0.464519899
00:14.5,ElbowLeft,Tracked,-0.22484152,0.250361234,0.906298041,0.481595244
00:14.5,ElbowRight,Tracked,0.226736903,0.373661369,1.022498727,0.482315867
00:14.6,ElbowLeft,Tracked,-0.210321352,0.173988685,0.910101414,0.493479741
00:14.6,ElbowRight,Inferred,0.24988167,0.344171882,1.045926809,0.509114604
00:14.6,ElbowLeft,Tracked,-0.207978278,0.171091586,0.917590737,0.506026351
00:14.6,ElbowRight,Inferred,0.250717998,0.341433287,1.048672199,0.506557912
00:14.6,ElbowLeft,Tracked,-0.202997804,0.168948635,0.924067616,0.501133999
00:14.6,ElbowRight,Inferred,0.240044966,0.371302277,1.059596181,0.50557085
00:14.7,ElbowLeft,Tracked,-0.199687302,0.163205162,0.928667784,0.503796707
00:14.7,ElbowRight,Inferred,0.254295588,0.375661433,1.065799475,0.51965684
00:14.7,ElbowLeft,Tracked,-0.199812353,0.148187011,0.933307648,0.524893054
00:14.7,ElbowRight,Inferred,0.254419923,0.376692414,1.069609284,0.526421709
00:14.7,ElbowLeft,Tracked,-0.199910671,0.139304698,0.936867058,0.52951838
00:14.7,ElbowRight,Tracked,0.155160576,0.12745589,1.003500819,0.36146375
00:14.8,ElbowLeft,Tracked,-0.201551527,0.132549986,0.941315889,0.362127657
00:14.8,ElbowRight,Tracked,0.162182957,0.123538181,1.011226773,0.370501712
00:14.8,ElbowLeft,Tracked,-0.203300714,0.121755943,0.947421789,0.371015588
00:14.8,ElbowRight,Tracked,0.163486958,0.123385049,1.013902068,0.372767324
00:14.8,ElbowLeft,Tracked,-0.20515877,0.071384683,0.95302999,0.377238811
00:14.8,ElbowRight,Tracked,0.165979147,0.117058009,1.01982522,0.379856564
00:14.9,ElbowLeft,Tracked,-0.205260754,0.066867448,0.953956485,0.380364097
00:14.9,ElbowRight,Tracked,0.165126622,0.102152079,1.02565372,0.378909365
00:14.9,ElbowLeft,Tracked,-0.205487534,0.059631571,0.958182752,0.379097847
00:14.9,ElbowRight,Tracked,0.168185934,0.076980263,1.036512136,0.382188868
00:14.9,ElbowLeft,Tracked,-0.206023604,0.049286731,0.964407504,0.382097878
00:14.9,ElbowRight,Tracked,0.16995737,0.077831857,1.040059209,0.384577297
00:15.0,ElbowLeft,Tracked,-0.207375497,0.03848467,0.971538126,0.385517097
00:15.0,ElbowRight,Tracked,0.172133699,0.066520452,1.045836687,0.387728656
