Time,JointType,TrackingState,Position.X,Position.Y,Position.Z
00:00:00.0613556,ElbowLeft,Tracked,-0.563878357410431,-0.120212763547897,2.31284427642822
00:00:00.0620099,ElbowRight,Tracked,-0.175953775644302,-0.0982679352164268,2.14315223693848
00:00:00.0647714,ElbowLeft,Tracked,-0.562984585762024,-0.119903534650803,2.31263041496277
00:00:00.0648868,ElbowRight,Tracked,-0.176107972860336,-0.0959133878350258,2.14465284347534
00:00:00.0812247,ElbowLeft,Tracked,-0.562579751014709,-0.120030105113983,2.31211686134338
00:00:00.0813382,ElbowRight,Tracked,-0.176202490925789,-0.0958606079220772,2.14473867416382
00:00:00.1137021,ElbowLeft,Tracked,-0.558778703212738,-0.123493418097496,2.30479764938354
00:00:00.1137727,ElbowRight,Tracked,-0.176287412643433,-0.095962718129158,2.14488506317139
00:00:00.1439428,ElbowLeft,Tracked,-0.559867262840271,-0.122276067733765,2.30670714378357
00:00:00.1440935,ElbowRight,Tracked,-0.176283925771713,-0.0962214916944504,2.14488339424133
00:00:00.1792882,ElbowLeft,Tracked,-0.561142802238464,-0.120982229709625,2.30942463874817
00:00:00.1794126,ElbowRight,Inferred,-0.177142441272736,-0.089996799826622,2.15232539176941
00:00:00.2110549,ElbowLeft,Tracked,-0.563673079013824,-0.1184983253479,2.31592535972595
00:00:00.2111838,ElbowRight,Inferred,-0.178473129868507,-0.0844783186912537,2.15546250343323
00:00:00.2432462,ElbowLeft,Tracked,-0.564719617366791,-0.121857523918152,2.31649374961853
00:00:00.2433207,ElbowRight,Inferred,-0.180344939231873,-0.0965050831437111,2.14243650436401
00:00:00.2803345,ElbowLeft,Tracked,-0.563313901424408,-0.122735053300858,2.3148078918457
00:00:00.2804608,ElbowRight,Tracked,-0.142558336257935,-0.0449871569871902,2.15394330024719
00:00:00.3108933,ElbowLeft,Tracked,-0.546395599842072,-0.116949632763863,2.27288103103638
00:00:00.3110646,ElbowRight,Tracked,-0.154440194368362,-0.0540123730897903,2.15710783004761
00:00:00.3459661,ElbowLeft,Tracked,-0.545455694198608,-0.117031745612621,2.272212266922
00:00:00.3460809,ElbowRight,Inferred,-0.153330028057098,-0.0574595928192139,2.15833640098572
00:00:00.3799407,ElbowLeft,Tracked,-0.54931902885437,-0.119607791304588,2.28206586837769
00:00:00.3800170,ElbowRight,Tracked,-0.172257736325264,-0.0944430530071259,2.14453792572021
00:00:00.4154727,ElbowLeft,Tracked,-0.552481055259705,-0.121475405991077,2.2893168926239
00:00:00.4156267,ElbowRight,Tracked,-0.171685859560966,-0.0955676138401031,2.14247536659241
00:00:00.4490393,ElbowLeft,Tracked,-0.552352905273438,-0.120930328965187,2.2900755405426
00:00:00.4491939,ElbowRight,Tracked,-0.171627178788185,-0.0962372645735741,2.14228582382202
00:00:00.4871378,ElbowLeft,Tracked,-0.555703997612,-0.117664411664009,2.29765486717224
00:00:00.4873380,ElbowRight,Tracked,-0.153585404157639,-0.0602980963885784,2.1472384929657
00:00:00.5174350,ElbowLeft,Tracked,-0.556596040725708,-0.112451910972595,2.30274319648743
00:00:00.5176755,ElbowRight,Tracked,-0.153227865695953,-0.0593666508793831,2.14611744880676
00:00:00.5486751,ElbowLeft,Tracked,-0.556703805923462,-0.108174592256546,2.30405163764954
00:00:00.5488078,ElbowRight,Tracked,-0.154603645205498,-0.0645286813378334,2.14235591888428
00:00:00.5796669,ElbowLeft,Tracked,-0.556187689304352,-0.104229792952538,2.3042516708374
00:00:00.5797342,ElbowRight,Tracked,-0.154997229576111,-0.0656895786523819,2.1404025554657
00:00:00.6122296,ElbowLeft,Tracked,-0.557850062847137,-0.0981954485177994,2.30759310722351
00:00:00.6123554,ElbowRight,Tracked,-0.155175149440765,-0.064482718706131,2.13758492469788
00:00:00.6419302,ElbowLeft,Tracked,-0.556868493556976,-0.0947992652654648,2.30578088760376
00:00:00.6419963,ElbowRight,Tracked,-0.156872525811195,-0.0619904920458794,2.13431096076965
00:00:00.6786580,ElbowLeft,Tracked,-0.55624520778656,-0.0904383063316345,2.30477523803711
00:00:00.6787567,ElbowRight,Tracked,-0.157361716032028,-0.0610655955970287,2.13187527656555
00:00:00.7113195,ElbowLeft,Tracked,-0.554630160331726,-0.0874313712120056,2.30218315124512
00:00:00.7113920,ElbowRight,Tracked,-0.157430291175842,-0.0605557076632977,2.12888598442078
00:00:00.7436917,ElbowLeft,Tracked,-0.553110301494598,-0.084313839673996,2.29985046386719
00:00:00.7437847,ElbowRight,Tracked,-0.15706729888916,-0.0593776777386665,2.12719488143921
00:00:00.7795888,ElbowLeft,Tracked,-0.551814258098602,-0.0807630121707916,2.29726696014404
00:00:00.7797171,ElbowRight,Tracked,-0.155308067798615,-0.0563706085085869,2.12489485740662
00:00:00.8122798,ElbowLeft,Tracked,-0.550872564315796,-0.0787586718797684,2.29544425010681
00:00:00.8124229,ElbowRight,Tracked,-0.154800772666931,-0.0552101135253906,2.12226629257202
00:00:00.8438451,ElbowLeft,Tracked,-0.550140023231506,-0.0755201578140259,2.29480171203613
00:00:00.8439734,ElbowRight,Tracked,-0.153105288743973,-0.0524059683084488,2.11987066268921
00:00:00.8788704,ElbowLeft,Tracked,-0.548480272293091,-0.0739171355962753,2.29199981689453
00:00:00.8789467,ElbowRight,Tracked,-0.152858182787895,-0.0521169230341911,2.11835980415344
00:00:00.9108276,ElbowLeft,Tracked,-0.546695172786713,-0.0724255293607712,2.28946566581726
00:00:00.9109450,ElbowRight,Tracked,-0.15246669948101,-0.0496767684817314,2.11413764953613
00:00:00.9430126,ElbowLeft,Tracked,-0.546221852302551,-0.0707623213529587,2.28786730766296
00:00:00.9431357,ElbowRight,Tracked,-0.150915503501892,-0.0473005659878254,2.11192011833191
00:00:00.9791848,ElbowLeft,Tracked,-0.545174479484558,-0.0691218674182892,2.28599500656128
00:00:00.9793163,ElbowRight,Tracked,-0.150041982531548,-0.0472903363406658,2.11088228225708
00:00:01.0141248,ElbowLeft,Tracked,-0.542964458465576,-0.0683046728372574,2.28170967102051
00:00:01.0142858,ElbowRight,Tracked,-0.149008989334106,-0.045646533370018,2.10820245742798
00:00:01.0406065,ElbowLeft,Tracked,-0.541443586349487,-0.0675153732299805,2.27929544448853
00:00:01.0406713,ElbowRight,Tracked,-0.148144021630287,-0.0448533333837986,2.1066153049469
00:00:01.0797609,ElbowLeft,Tracked,-0.543445467948914,-0.0616642981767654,2.28391313552856
00:00:01.0799052,ElbowRight,Tracked,-0.146595254540443,-0.0390149429440498,2.10273551940918
00:00:01.1108900,ElbowLeft,Tracked,-0.542048931121826,-0.0589983761310577,2.28157782554626
00:00:01.1110176,ElbowRight,Tracked,-0.146199643611908,-0.0369648672640324,2.0998694896698
00:00:01.1431275,ElbowLeft,Tracked,-0.54036808013916,-0.0598755776882172,2.27706074714661
00:00:01.1432885,ElbowRight,Tracked,-0.145041912794113,-0.0320355631411076,2.09733080863953
00:00:01.1810708,ElbowLeft,Tracked,-0.539232075214386,-0.057034432888031,2.27495074272156
00:00:01.1811324,ElbowRight,Tracked,-0.144930690526962,-0.0311316438019276,2.09547281265259
00:00:01.2124090,ElbowLeft,Tracked,-0.538450062274933,-0.0551272630691528,2.27247953414917
00:00:01.2125373,ElbowRight,Tracked,-0.143463656306267,-0.0314372889697552,2.09438228607178
00:00:01.2445304,ElbowLeft,Tracked,-0.537457168102264,-0.0517911463975906,2.27138590812683
00:00:01.2445946,ElbowRight,Tracked,-0.142817869782448,-0.0305698104202747,2.09148907661438
00:00:01.2798091,ElbowLeft,Tracked,-0.536764562129974,-0.0493951737880707,2.26968431472778
00:00:01.2802376,ElbowRight,Tracked,-0.14232674241066,-0.0308777578175068,2.08775305747986
00:00:01.3117253,ElbowLeft,Tracked,-0.53775954246521,-0.04228176176548,2.27241897583008
00:00:01.3117978,ElbowRight,Tracked,-0.141893699765205,-0.026698986068368,2.08474397659302
00:00:01.3460373,ElbowLeft,Tracked,-0.532635271549225,-0.0468202382326126,2.26118469238281
00:00:01.3461098,ElbowRight,Tracked,-0.14126743376255,-0.0279787350445986,2.08091759681702
00:00:01.3771632,ElbowLeft,Tracked,-0.532453775405884,-0.0437546074390411,2.25920820236206
00:00:01.3772799,ElbowRight,Tracked,-0.141530334949493,-0.0259437207132578,2.07524442672729
00:00:01.4127266,ElbowLeft,Tracked,-0.531489074230194,-0.0416786074638367,2.25633478164673
00:00:01.4128062,ElbowRight,Tracked,-0.141963571310043,-0.0257373061031103,2.07109570503235
00:00:01.4475371,ElbowLeft,Tracked,-0.530697882175446,-0.0403508692979813,2.2527060508728
00:00:01.4476859,ElbowRight,Tracked,-0.141059130430222,-0.0247976630926132,2.06738495826721
00:00:01.4781896,ElbowLeft,Tracked,-0.526460409164429,-0.0466786921024323,2.24127793312073
00:00:01.4783454,ElbowRight,Tracked,-0.14174972474575,-0.0228396989405155,2.06233286857605
00:00:01.5123322,ElbowLeft,Tracked,-0.525659084320068,-0.0436926186084747,2.23892426490784
00:00:01.5124688,ElbowRight,Tracked,-0.142284721136093,-0.0220866370946169,2.05780076980591
00:00:01.5488431,ElbowLeft,Tracked,-0.52433305978775,-0.0415625423192978,2.23515272140503
00:00:01.5489239,ElbowRight,Tracked,-0.14264640212059,-0.0154280811548233,2.05002903938293
00:00:01.5808722,ElbowLeft,Tracked,-0.523282527923584,-0.0397491902112961,2.23117470741272
00:00:01.5809915,ElbowRight,Tracked,-0.143350586295128,-0.0170339066535234,2.04741430282593
00:00:01.6118749,ElbowLeft,Tracked,-0.458913952112198,-0.047759260982275,2.02567172050476
00:00:01.6120019,ElbowRight,Tracked,-0.143142595887184,-0.0223376452922821,2.04659509658813
00:00:01.6488047,ElbowLeft,Tracked,-0.458111584186554,-0.0481321178376675,2.02461743354797
00:00:01.6489509,ElbowRight,Tracked,-0.143063604831696,-0.0273148976266384,2.0451922416687
00:00:01.6799684,ElbowLeft,Tracked,-0.457731813192368,-0.0478659942746162,2.02346515655518
00:00:01.6801121,ElbowRight,Tracked,-0.142400994896889,-0.0295151248574257,2.04511070251465
00:00:01.7123503,ElbowLeft,Tracked,-0.457455158233643,-0.0482614599168301,2.02283763885498
00:00:01.7124882,ElbowRight,Tracked,-0.141639843583107,-0.0317447185516357,2.04491710662842
00:00:01.7437745,ElbowLeft,Tracked,-0.456517696380615,-0.0484099574387074,2.01944017410278
00:00:01.7439143,ElbowRight,Tracked,-0.140873491764069,-0.0333730578422546,2.04290127754211
00:00:01.7803553,ElbowLeft,Tracked,-0.456298887729645,-0.0486467406153679,2.01864075660706
00:00:01.7804246,ElbowRight,Tracked,-0.140332400798798,-0.0348454043269157,2.0421998500824
00:00:01.8132612,ElbowLeft,Tracked,-0.456364154815674,-0.0492542944848537,2.01711678504944
00:00:01.8133324,ElbowRight,Tracked,-0.14040695130825,-0.0341442115604877,2.03942918777466
00:00:01.8523655,ElbowLeft,Tracked,-0.457277715206146,-0.0471871234476566,2.01308465003967
00:00:01.8524316,ElbowRight,Tracked,-0.139833435416222,-0.0348825566470623,2.0388023853302
00:00:01.8831604,ElbowLeft,Tracked,-0.457224249839783,-0.0478776171803474,2.01144123077393
00:00:01.8832765,ElbowRight,Tracked,-0.139550626277924,-0.0350440256297588,2.03581523895264
00:00:01.9179972,ElbowLeft,Tracked,-0.465337812900543,-0.0516987033188343,2.00233221054077
00:00:01.9181421,ElbowRight,Tracked,-0.139755353331566,-0.0351454876363277,2.03250575065613
00:00:01.9567602,ElbowLeft,Tracked,-0.466964483261108,-0.05477000400424,2.00091743469238
00:00:01.9569000,ElbowRight,Tracked,-0.139806598424911,-0.0357202365994453,2.03003430366516
00:00:01.9832708,ElbowLeft,Tracked,-0.464231669902802,-0.0557430535554886,1.99635803699493
00:00:01.9833677,ElbowRight,Tracked,-0.139758884906769,-0.036092784255743,2.02808165550232
00:00:02.0149606,ElbowLeft,Tracked,-0.463258504867554,-0.056014396250248,1.99572443962097
00:00:02.0150998,ElbowRight,Tracked,-0.139029994606972,-0.0365999452769756,2.02594709396362
00:00:02.0509493,ElbowLeft,Tracked,-0.461932599544525,-0.0554909259080887,1.99212920665741
00:00:02.0510808,ElbowRight,Tracked,-0.138854026794434,-0.036044891923666,2.02267217636108
00:00:02.0867899,ElbowLeft,Tracked,-0.460818469524384,-0.0554256327450275,1.99103772640228
00:00:02.0869253,ElbowRight,Tracked,-0.138767585158348,-0.0361929275095463,2.01890277862549
00:00:02.1152737,ElbowLeft,Tracked,-0.462167233228683,-0.0567927286028862,1.98920178413391
00:00:02.1154308,ElbowRight,Tracked,-0.13672848045826,-0.0386684611439705,2.01465845108032
00:00:02.1499115,ElbowLeft,Tracked,-0.463294327259064,-0.0575439520180225,1.98822295665741
00:00:02.1500385,ElbowRight,Tracked,-0.136379644274712,-0.0394406206905842,2.01311111450195
00:00:02.1840940,ElbowLeft,Tracked,-0.465280264616013,-0.0666440427303314,1.98068225383759
00:00:02.1842229,ElbowRight,Tracked,-0.12920954823494,-0.0442549660801888,2.01211285591125
00:00:02.2223996,ElbowLeft,Tracked,-0.46447217464447,-0.0666489526629448,1.97965240478516
00:00:02.2224715,ElbowRight,Tracked,-0.130406871438026,-0.0462238490581512,2.00673890113831
00:00:02.2511323,ElbowLeft,Tracked,-0.459131479263306,-0.0624034404754639,1.97625553607941
00:00:02.2511990,ElbowRight,Tracked,-0.130432784557343,-0.0456640459597111,2.00531005859375
00:00:02.2854270,ElbowLeft,Tracked,-0.462968975305557,-0.0697411224246025,1.97205758094788
00:00:02.2855443,ElbowRight,Tracked,-0.12994147837162,-0.0465859472751617,2.0034294128418
00:00:02.3135194,ElbowLeft,Tracked,-0.467997670173645,-0.0739643350243568,1.96764266490936
00:00:02.3137446,ElbowRight,Tracked,-0.129576697945595,-0.0472881570458412,2.00190424919128
00:00:02.3514261,ElbowLeft,Tracked,-0.469754010438919,-0.0743036419153214,1.96656453609467
00:00:02.3515615,ElbowRight,Tracked,-0.12541426718235,-0.0506551042199135,2.00205183029175
00:00:02.3860864,ElbowLeft,Tracked,-0.46954870223999,-0.073475569486618,1.96589744091034
00:00:02.3863090,ElbowRight,Tracked,-0.125579357147217,-0.0508194714784622,1.99580633640289
00:00:02.4178191,ElbowLeft,Tracked,-0.472085058689117,-0.0752522200345993,1.96164608001709
00:00:02.4179699,ElbowRight,Tracked,-0.126962229609489,-0.0488815978169441,1.99015522003174
00:00:02.4574347,ElbowLeft,Tracked,-0.476405024528503,-0.0791089981794357,1.95920836925507
00:00:02.4575809,ElbowRight,Tracked,-0.127919971942902,-0.0496633723378181,1.9855021238327
00:00:02.4827349,ElbowLeft,Tracked,-0.477383673191071,-0.0810705497860909,1.95417737960815
00:00:02.4829100,ElbowRight,Tracked,-0.128546684980392,-0.0493772067129612,1.9817875623703
00:00:02.5141309,ElbowLeft,Tracked,-0.47627580165863,-0.0819570943713188,1.94940865039825
00:00:02.5142598,ElbowRight,Tracked,-0.129815012216568,-0.0484382100403309,1.97854673862457
00:00:02.5518554,ElbowLeft,Tracked,-0.481969356536865,-0.0827758684754372,1.94440650939941
00:00:02.5519747,ElbowRight,Tracked,-0.12993049621582,-0.0486086755990982,1.97758781909943
00:00:02.5826086,ElbowLeft,Tracked,-0.480925589799881,-0.0820750519633293,1.94056904315948
00:00:02.5828075,ElbowRight,Tracked,-0.130185216665268,-0.0487214960157871,1.97596955299377
00:00:02.6222517,ElbowLeft,Tracked,-0.481329709291458,-0.0845161601901054,1.93617606163025
00:00:02.6223229,ElbowRight,Tracked,-0.130096316337585,-0.0502439960837364,1.97569406032562
00:00:02.6575118,ElbowLeft,Tracked,-0.481711268424988,-0.0849168822169304,1.93307888507843
00:00:02.6575977,ElbowRight,Tracked,-0.130012348294258,-0.0511843636631966,1.9747953414917
00:00:02.6819371,ElbowLeft,Tracked,-0.483264476060867,-0.0879633650183678,1.92960631847382
00:00:02.6820583,ElbowRight,Tracked,-0.130758553743362,-0.0521992892026901,1.97227120399475
00:00:02.7318171,ElbowLeft,Tracked,-0.48433792591095,-0.0870480686426163,1.92702376842499
00:00:02.7319390,ElbowRight,Tracked,-0.131593614816666,-0.0545767955482006,1.9697437286377
00:00:02.7971306,ElbowLeft,Tracked,-0.487300336360931,-0.089964747428894,1.92532980442047
00:00:02.7972506,ElbowRight,Tracked,-0.131814107298851,-0.0558687001466751,1.96629416942596
00:00:02.8348776,ElbowLeft,Tracked,-0.490872859954834,-0.0942885726690292,1.92119204998016
00:00:02.8350264,ElbowRight,Tracked,-0.131735891103745,-0.056429386138916,1.9655681848526
00:00:02.8658547,ElbowLeft,Tracked,-0.490807771682739,-0.0943759307265282,1.92035412788391
00:00:02.8659964,ElbowRight,Tracked,-0.131476551294327,-0.0565087124705315,1.96128869056702
00:00:02.9211044,ElbowLeft,Tracked,-0.487581014633179,-0.0922905132174492,1.91078686714172
00:00:02.9213109,ElbowRight,Tracked,-0.130714312195778,-0.0567017868161201,1.95608675479889
00:00:02.9519903,ElbowLeft,Tracked,-0.487957328557968,-0.0948279201984406,1.91149687767029
00:00:02.9521154,ElbowRight,Tracked,-0.129265606403351,-0.0607844367623329,1.94758069515228
00:00:02.9852439,ElbowLeft,Tracked,-0.487120032310486,-0.0923870503902435,1.90444338321686
00:00:02.9853613,ElbowRight,Tracked,-0.127334922552109,-0.0511046871542931,1.9369500875473
00:00:03.0180460,ElbowLeft,Tracked,-0.483079969882965,-0.0864459127187729,1.90319669246674
00:00:03.0181807,ElbowRight,Tracked,-0.126779153943062,-0.0575891584157944,1.93536400794983
00:00:03.0496510,ElbowLeft,Tracked,-0.457728952169418,-0.0552145093679428,1.87760317325592
00:00:03.0497742,ElbowRight,Tracked,-0.126103073358536,-0.0483139678835869,1.92548143863678
00:00:03.0806563,ElbowLeft,Tracked,-0.457363992929459,-0.0501928143203259,1.87623918056488
00:00:03.0807872,ElbowRight,Tracked,-0.126115679740906,-0.0482816845178604,1.92563498020172
00:00:03.1171737,ElbowLeft,Tracked,-0.464179754257202,-0.0316551625728607,1.86846899986267
00:00:03.1172795,ElbowRight,Tracked,-0.126486122608185,-0.0474235936999321,1.92863917350769
00:00:03.1496402,ElbowLeft,Tracked,-0.460044324398041,-0.0177960693836212,1.86209511756897
00:00:03.1498050,ElbowRight,Tracked,-0.128641605377197,-0.0448175109922886,1.93586230278015
00:00:03.1802375,ElbowLeft,Tracked,-0.455571413040161,-0.00308631104417145,1.85553550720215
00:00:03.1803498,ElbowRight,Tracked,-0.119656786322594,0.0171184539794922,1.89629101753235
00:00:03.2170698,ElbowLeft,Tracked,-0.454852968454361,0.00941027794033289,1.85277342796326
00:00:03.2171384,ElbowRight,Tracked,-0.120547451078892,0.0209910459816456,1.89700818061829
00:00:03.2433636,ElbowLeft,Tracked,-0.453353375196457,0.0174425672739744,1.85250282287598
00:00:03.2434938,ElbowRight,Tracked,-0.12121456861496,0.0331777296960354,1.89321660995483
00:00:03.2769764,ElbowLeft,Tracked,-0.451359152793884,0.0244402810931206,1.85272657871246
00:00:03.2770483,ElbowRight,Tracked,-0.118245348334312,0.0542885772883892,1.88221716880798
00:00:03.3138555,ElbowLeft,Tracked,-0.44670233130455,0.0640024691820145,1.82560360431671
00:00:03.3139319,ElbowRight,Tracked,-0.118497595191002,0.060910202562809,1.88015294075012
00:00:03.3463131,ElbowLeft,Tracked,-0.445359408855438,0.0694980546832085,1.82355558872223
00:00:03.3463785,ElbowRight,Tracked,-0.114360064268112,0.0815354809165001,1.86539614200592
00:00:03.3778373,ElbowLeft,Tracked,-0.444096028804779,0.0689181089401245,1.82417106628418
00:00:03.3779028,ElbowRight,Tracked,-0.111390359699726,0.102592960000038,1.86078119277954
00:00:03.4133219,ElbowLeft,Tracked,-0.443107038736343,0.0700565725564957,1.82418286800385
00:00:03.4133873,ElbowRight,Tracked,-0.111563004553318,0.106849893927574,1.85968577861786
00:00:03.4463536,ElbowLeft,Tracked,-0.442498624324799,0.0908541530370712,1.81357431411743
00:00:03.4464761,ElbowRight,Tracked,-0.111390791833401,0.11914973706007,1.85265648365021
00:00:03.4786970,ElbowLeft,Tracked,-0.441208600997925,0.0947604328393936,1.81119024753571
00:00:03.4790209,ElbowRight,Tracked,-0.111084878444672,0.122617550194263,1.85155236721039
00:00:03.5139346,ElbowLeft,Tracked,-0.439848244190216,0.0985114946961403,1.80896174907684
00:00:03.5140032,ElbowRight,Tracked,-0.110123351216316,0.127187192440033,1.84936439990997
00:00:03.5469348,ElbowLeft,Tracked,-0.438749223947525,0.102132312953472,1.80751419067383
00:00:03.5470150,ElbowRight,Tracked,-0.110016018152237,0.128949910402298,1.84791707992554
00:00:03.5788734,ElbowLeft,Tracked,-0.437738656997681,0.105793662369251,1.80558717250824
00:00:03.5789568,ElbowRight,Tracked,-0.109588667750359,0.133940950036049,1.84265685081482
00:00:03.6138102,ElbowLeft,Tracked,-0.436501324176788,0.111117728054523,1.8021377325058
00:00:03.6138865,ElbowRight,Tracked,-0.108844257891178,0.141078174114227,1.8373920917511
00:00:03.6462338,ElbowLeft,Tracked,-0.434516727924347,0.114751093089581,1.79965841770172
00:00:03.6462973,ElbowRight,Tracked,-0.108298197388649,0.142897874116898,1.83598375320435
00:00:03.6801981,ElbowLeft,Tracked,-0.432310402393341,0.123567372560501,1.79344046115875
00:00:03.6802648,ElbowRight,Tracked,-0.106813013553619,0.145925149321556,1.8334881067276
00:00:03.7144754,ElbowLeft,Tracked,-0.431782484054565,0.123703449964523,1.79351317882538
00:00:03.7145601,ElbowRight,Tracked,-0.107139475643635,0.136305809020996,1.79898869991302
00:00:03.7472524,ElbowLeft,Tracked,-0.430892407894135,0.126714050769806,1.792156457901
00:00:03.7473185,ElbowRight,Tracked,-0.105358779430389,0.149795860052109,1.83025538921356
00:00:03.7811661,ElbowLeft,Tracked,-0.43034416437149,0.127596378326416,1.79202079772949
00:00:03.7812309,ElbowRight,Tracked,-0.104605875909328,0.143672585487366,1.7974169254303
00:00:03.8136134,ElbowLeft,Tracked,-0.429754614830017,0.12836217880249,1.79194331169128
00:00:03.8136763,ElbowRight,Tracked,-0.100420713424683,0.166234254837036,1.82598400115967
00:00:03.8484629,ElbowLeft,Tracked,-0.428888857364655,0.134074524044991,1.790398478508
00:00:03.8485284,ElbowRight,Tracked,-0.102361634373665,0.152597904205322,1.79702734947205
00:00:03.8821322,ElbowLeft,Tracked,-0.429496645927429,0.139510542154312,1.78918826580048
00:00:03.8822047,ElbowRight,Tracked,-0.0999869629740715,0.167326644062996,1.8261307477951
00:00:03.9143922,ElbowLeft,Tracked,-0.427698016166687,0.143382146954536,1.78742480278015
00:00:03.9144576,ElbowRight,Tracked,-0.100157551467419,0.177232772111893,1.82509636878967
00:00:03.9484219,ElbowLeft,Tracked,-0.427214562892914,0.153512045741081,1.78305268287659
00:00:03.9484861,ElbowRight,Tracked,-0.0961886495351791,0.190250188112259,1.82510447502136
00:00:03.9827096,ElbowLeft,Tracked,-0.425543338060379,0.158382326364517,1.78088641166687
00:00:03.9827821,ElbowRight,Tracked,-0.095602422952652,0.200405046343803,1.82272899150848
00:00:04.0153685,ElbowLeft,Tracked,-0.425104022026062,0.175346106290817,1.77248132228851
00:00:04.0154397,ElbowRight,Tracked,-0.0938033387064934,0.213202476501465,1.82204341888428
00:00:04.0473328,ElbowLeft,Tracked,-0.437298357486725,0.179744407534599,1.77807581424713
00:00:04.0473963,ElbowRight,Tracked,-0.0909044742584229,0.220751732587814,1.82326066493988
00:00:04.0822548,ElbowLeft,Tracked,-0.436970412731171,0.183947175741196,1.77622735500336
00:00:04.0823254,ElbowRight,Tracked,-0.0890761986374855,0.225638568401337,1.82449579238892
00:00:04.1147445,ElbowLeft,Tracked,-0.416366040706635,0.189098760485649,1.75482618808746
00:00:04.1148202,ElbowRight,Tracked,-0.0892286971211433,0.232930719852448,1.82179689407349
00:00:04.1471828,ElbowLeft,Tracked,-0.414607346057892,0.19236809015274,1.75364947319031
00:00:04.1472752,ElbowRight,Tracked,-0.0902967602014542,0.23540398478508,1.82066965103149
00:00:04.1826180,ElbowLeft,Tracked,-0.414963483810425,0.19505387544632,1.75235760211945
00:00:04.1826879,ElbowRight,Tracked,-0.0895197466015816,0.238178908824921,1.82033920288086
00:00:04.2150697,ElbowLeft,Tracked,-0.415251195430756,0.197439014911652,1.75118911266327
00:00:04.2151320,ElbowRight,Tracked,-0.0895883589982986,0.239978805184364,1.81891357898712
00:00:04.2469757,ElbowLeft,Tracked,-0.415298938751221,0.199297249317169,1.75106036663055
00:00:04.2470597,ElbowRight,Tracked,-0.0901955738663673,0.242378652095795,1.81603693962097
00:00:04.2836116,ElbowLeft,Tracked,-0.414737284183502,0.200435638427734,1.74993419647217
00:00:04.2836713,ElbowRight,Tracked,-0.0903259515762329,0.243580996990204,1.81474804878235
00:00:04.3149531,ElbowLeft,Tracked,-0.414810538291931,0.202254474163055,1.7494900226593
00:00:04.3150275,ElbowRight,Tracked,-0.0893042087554932,0.245893403887749,1.81308579444885
00:00:04.3466813,ElbowLeft,Tracked,-0.41232693195343,0.202667623758316,1.74611532688141
00:00:04.3467416,ElbowRight,Tracked,-0.08975949883461,0.247001081705093,1.81171870231628
00:00:04.3819478,ElbowLeft,Tracked,-0.412036836147308,0.203908070921898,1.74572706222534
00:00:04.3820222,ElbowRight,Tracked,-0.0888189673423767,0.249043121933937,1.81023895740509
00:00:04.4151757,ElbowLeft,Tracked,-0.411453872919083,0.205088630318642,1.74552524089813
00:00:04.4152546,ElbowRight,Tracked,-0.0887048244476318,0.249648660421371,1.80990076065063
00:00:04.4473709,ElbowLeft,Tracked,-0.409894376993179,0.205666333436966,1.74287867546082
00:00:04.4474370,ElbowRight,Tracked,-0.0888471379876137,0.251172840595245,1.80855822563171
00:00:04.4830184,ElbowLeft,Tracked,-0.409435719251633,0.206647425889969,1.74182784557343
00:00:04.4830787,ElbowRight,Tracked,-0.08894994109869,0.251899302005768,1.80811059474945
00:00:04.5153086,ElbowLeft,Tracked,-0.432481825351715,0.214552953839302,1.77218544483185
00:00:04.5153862,ElbowRight,Tracked,-0.0869373679161072,0.251981168985367,1.81040275096893
00:00:04.5474172,ElbowLeft,Tracked,-0.431916236877441,0.215231835842133,1.77051520347595
00:00:04.5474852,ElbowRight,Tracked,-0.0866003185510635,0.253929644823074,1.80920588970184
00:00:04.5819165,ElbowLeft,Tracked,-0.43167170882225,0.216524198651314,1.77072763442993
00:00:04.5819857,ElbowRight,Tracked,-0.0866295471787453,0.254052191972733,1.80924236774445
00:00:04.6143124,ElbowLeft,Tracked,-0.430972546339035,0.21791784465313,1.76941454410553
00:00:04.6143760,ElbowRight,Tracked,-0.086668998003006,0.255113214254379,1.80874919891357
00:00:04.6468367,ElbowLeft,Tracked,-0.405363887548447,0.212186962366104,1.73101651668549
00:00:04.6469496,ElbowRight,Tracked,-0.0866748169064522,0.25574991106987,1.80892038345337
00:00:04.6830186,ElbowLeft,Tracked,-0.431995302438736,0.220561340451241,1.76773595809937
00:00:04.6831314,ElbowRight,Tracked,-0.0862874984741211,0.257659196853638,1.80991804599762
00:00:04.7183325,ElbowLeft,Tracked,-0.432848155498505,0.222748011350632,1.76724123954773
00:00:04.7184492,ElbowRight,Tracked,-0.0856649130582809,0.256775349378586,1.813645362854
00:00:04.7470209,ElbowLeft,Tracked,-0.428788095712662,0.235640197992325,1.76237297058105
00:00:04.7471389,ElbowRight,Tracked,-0.0841679200530052,0.263021677732468,1.81068253517151
00:00:04.7863208,ElbowLeft,Tracked,-0.427923828363419,0.240296483039856,1.75955748558044
00:00:04.7863972,ElbowRight,Tracked,-0.0838221237063408,0.263799399137497,1.81066060066223
00:00:04.8148232,ElbowLeft,Tracked,-0.425293117761612,0.242924451828003,1.75401663780212
00:00:04.8148995,ElbowRight,Tracked,-0.0815407484769821,0.27076056599617,1.80719172954559
00:00:04.8471056,ElbowLeft,Tracked,-0.425287067890167,0.245539993047714,1.75367605686188
00:00:04.8471723,ElbowRight,Tracked,-0.0814535468816757,0.273597002029419,1.80545234680176
00:00:04.8825562,ElbowLeft,Tracked,-0.423830270767212,0.248149052262306,1.75056254863739
00:00:04.8826165,ElbowRight,Tracked,-0.0806523635983467,0.274957954883575,1.80587410926819
00:00:04.9155596,ElbowLeft,Tracked,-0.427310407161713,0.252796351909637,1.74946701526642
00:00:04.9156353,ElbowRight,Tracked,-0.0815323889255524,0.279504925012589,1.80272424221039
00:00:04.9473834,ElbowLeft,Tracked,-0.426917374134064,0.25780725479126,1.74836814403534
00:00:04.9474463,ElbowRight,Tracked,-0.0836312547326088,0.282737076282501,1.79788279533386
00:00:04.9830431,ElbowLeft,Tracked,-0.425011098384857,0.261544287204742,1.74549102783203
00:00:04.9831086,ElbowRight,Tracked,-0.0838542133569717,0.282989144325256,1.79477715492249
00:00:05.0147816,ElbowLeft,Tracked,-0.396297931671143,0.268557190895081,1.67538559436798
00:00:05.0148477,ElbowRight,Tracked,-0.0859361365437508,0.283335745334625,1.79151892662048
00:00:05.0508031,ElbowLeft,Tracked,-0.390079826116562,0.273604035377502,1.66741251945496
00:00:05.0509185,ElbowRight,Tracked,-0.0862549468874931,0.284807920455933,1.79037463665009
00:00:05.0823222,ElbowLeft,Tracked,-0.384115397930145,0.278939455747604,1.6596794128418
00:00:05.0823992,ElbowRight,Tracked,-0.0869343504309654,0.284272819757462,1.79106688499451
00:00:05.1150209,ElbowLeft,Tracked,-0.383191257715225,0.283480942249298,1.6554149389267
00:00:05.1150844,ElbowRight,Tracked,-0.0879737436771393,0.284834027290344,1.79133141040802
00:00:05.1511970,ElbowLeft,Tracked,-0.387780040502548,0.287322521209717,1.65160393714905
00:00:05.1512778,ElbowRight,Tracked,-0.088423028588295,0.284529030323029,1.7907532453537
00:00:05.1828104,ElbowLeft,Tracked,-0.392516553401947,0.289520174264908,1.65263414382935
00:00:05.1828906,ElbowRight,Tracked,-0.0881466940045357,0.284130275249481,1.78989517688751
00:00:05.2141454,ElbowLeft,Tracked,-0.393667757511139,0.29052460193634,1.65259027481079
00:00:05.2142525,ElbowRight,Tracked,-0.0878922045230865,0.284192502498627,1.78940081596375
00:00:05.2505813,ElbowLeft,Tracked,-0.392318248748779,0.291440308094025,1.65554535388947
00:00:05.2506595,ElbowRight,Inferred,-0.0881165266036987,0.285781741142273,1.78943431377411
00:00:05.2834134,ElbowLeft,Tracked,-0.392297655344009,0.295112937688828,1.6561621427536
00:00:05.2834718,ElbowRight,Tracked,-0.088060200214386,0.285948872566223,1.78943848609924
00:00:05.3155964,ElbowLeft,Tracked,-0.392548799514771,0.295794874429703,1.65614831447601
00:00:05.3156715,ElbowRight,Tracked,-0.0882578417658806,0.286260157823563,1.79217231273651
00:00:05.3508418,ElbowLeft,Tracked,-0.399523258209229,0.296755522489548,1.6570817232132
00:00:05.3509072,ElbowRight,Inferred,-0.0898654982447624,0.241358727216721,1.76664650440216
00:00:05.3825559,ElbowLeft,Tracked,-0.400093197822571,0.297834277153015,1.65881049633026
00:00:05.3826219,ElbowRight,Tracked,-0.092897891998291,0.285506069660187,1.81063961982727
00:00:05.4148383,ElbowLeft,Tracked,-0.404410719871521,0.299133062362671,1.66236472129822
00:00:05.4149358,ElbowRight,Tracked,-0.0920181348919868,0.285926818847656,1.8097767829895
00:00:05.4525821,ElbowLeft,Tracked,-0.401778489351273,0.29833722114563,1.66626584529877
00:00:05.4526571,ElbowRight,Tracked,-0.091529905796051,0.285724341869354,1.81119763851166
00:00:05.4832089,ElbowLeft,Tracked,-0.399084240198135,0.296550214290619,1.67255163192749
00:00:05.4833084,ElbowRight,Tracked,-0.0916977971792221,0.287667632102966,1.81278276443481
00:00:05.5151424,ElbowLeft,Tracked,-0.397119343280792,0.294030725955963,1.68047916889191
00:00:05.5152156,ElbowRight,Tracked,-0.0916714891791344,0.289826452732086,1.8130658864975
00:00:05.5508470,ElbowLeft,Tracked,-0.393509179353714,0.290356576442719,1.69253838062286
00:00:05.5509490,ElbowRight,Tracked,-0.0920812636613846,0.289447128772736,1.81735193729401
00:00:05.5829659,ElbowLeft,Tracked,-0.392199873924255,0.285299926996231,1.70794606208801
00:00:05.5830499,ElbowRight,Tracked,-0.0912686809897423,0.289785087108612,1.81882965564728
00:00:05.6153439,ElbowLeft,Tracked,-0.394626826047897,0.282628059387207,1.71510100364685
00:00:05.6154125,ElbowRight,Tracked,-0.0907946676015854,0.290204703807831,1.82158410549164
00:00:05.6504872,ElbowLeft,Tracked,-0.401550680398941,0.276958078145981,1.72965586185455
00:00:05.6505591,ElbowRight,Tracked,-0.0891892164945602,0.271189212799072,1.86129260063171
00:00:05.6827139,ElbowLeft,Tracked,-0.404985010623932,0.269853413105011,1.74473416805267
00:00:05.6827825,ElbowRight,Tracked,-0.0827271342277527,0.276556551456451,1.87594258785248
00:00:05.7502006,ElbowLeft,Tracked,-0.414451450109482,0.235095888376236,1.77628242969513
00:00:05.7502686,ElbowRight,Tracked,-0.0889744609594345,0.258919984102249,1.87921226024628
00:00:05.7827094,ElbowLeft,Tracked,-0.436879575252533,0.229626148939133,1.80749332904816
00:00:05.7827806,ElbowRight,Tracked,-0.0899336934089661,0.254445940256119,1.87958669662476
00:00:05.8153094,ElbowLeft,Tracked,-0.41792905330658,0.230802372097969,1.77943062782288
00:00:05.8153761,ElbowRight,Tracked,-0.0994462296366692,0.24546106159687,1.84836661815643
00:00:05.8508427,ElbowLeft,Tracked,-0.421239733695984,0.226071834564209,1.78165686130524
00:00:05.8509890,ElbowRight,Tracked,-0.100124657154083,0.243004724383354,1.84843361377716
00:00:05.8826511,ElbowLeft,Tracked,-0.444071114063263,0.214163571596146,1.8086678981781
00:00:05.8827166,ElbowRight,Tracked,-0.101533353328705,0.236269980669022,1.85055470466614
00:00:05.9140227,ElbowLeft,Tracked,-0.446145534515381,0.210521757602692,1.80932939052582
00:00:05.9141151,ElbowRight,Tracked,-0.102021887898445,0.232775837182999,1.85102069377899
00:00:05.9500461,ElbowLeft,Tracked,-0.448734939098358,0.207538887858391,1.80971908569336
00:00:05.9501128,ElbowRight,Tracked,-0.102365262806416,0.23154129087925,1.85103154182434
00:00:05.9828590,ElbowLeft,Tracked,-0.436895877122879,0.198909193277359,1.79803192615509
00:00:05.9829597,ElbowRight,Tracked,-0.0917274355888367,0.219886630773544,1.88182651996613
00:00:06.0132665,ElbowLeft,Tracked,-0.437484383583069,0.194593071937561,1.80108880996704
00:00:06.0133582,ElbowRight,Tracked,-0.0918538048863411,0.217215120792389,1.88120400905609
00:00:06.0500442,ElbowLeft,Tracked,-0.439806431531906,0.201145589351654,1.79640185832977
00:00:06.0501045,ElbowRight,Tracked,-0.0918253362178802,0.215882584452629,1.88173115253448
00:00:06.0823921,ElbowLeft,Tracked,-0.440221756696701,0.19603069126606,1.79907155036926
00:00:06.0824569,ElbowRight,Tracked,-0.0923780873417854,0.214586764574051,1.8819842338562
00:00:06.1158247,ElbowLeft,Tracked,-0.440406411886215,0.187753483653069,1.80507004261017
00:00:06.1158875,ElbowRight,Tracked,-0.0924171954393387,0.211969405412674,1.88395178318024
00:00:06.1505369,ElbowLeft,Tracked,-0.440879940986633,0.184075579047203,1.80856037139893
00:00:06.1505992,ElbowRight,Tracked,-0.093136765062809,0.210130631923676,1.88423144817352
00:00:06.1823793,ElbowLeft,Tracked,-0.44108247756958,0.17729888856411,1.81551885604858
00:00:06.1824538,ElbowRight,Tracked,-0.0939198657870293,0.204187422990799,1.88524329662323
00:00:06.2168370,ElbowLeft,Tracked,-0.441874414682388,0.172240987420082,1.8186286687851
00:00:06.2169024,ElbowRight,Tracked,-0.0950531736016274,0.199973374605179,1.88678658008575
00:00:06.2494671,ElbowLeft,Tracked,-0.439832389354706,0.15946914255619,1.8256847858429
00:00:06.2495370,ElbowRight,Tracked,-0.110258772969246,0.188305824995041,1.8618483543396
00:00:06.2826475,ElbowLeft,Tracked,-0.440024793148041,0.154668733477592,1.82742881774902
00:00:06.2827123,ElbowRight,Tracked,-0.11433719098568,0.171533435583115,1.86530542373657
00:00:06.3182726,ElbowLeft,Tracked,-0.442418366670609,0.145593106746674,1.83062362670898
00:00:06.3183380,ElbowRight,Tracked,-0.115757197141647,0.155987739562988,1.86962080001831
00:00:06.3508090,ElbowLeft,Tracked,-0.44284975528717,0.0993132591247559,1.85362672805786
00:00:06.3508745,ElbowRight,Tracked,-0.116469338536263,0.141439884901047,1.87263369560242
00:00:06.3828753,ElbowLeft,Tracked,-0.44719061255455,0.0658324435353279,1.8705540895462
00:00:06.3829369,ElbowRight,Tracked,-0.119030572474003,0.0820642411708832,1.89487016201019
00:00:06.4182476,ElbowLeft,Tracked,-0.447943329811096,0.0528556890785694,1.87477624416351
00:00:06.4183201,ElbowRight,Tracked,-0.118044897913933,0.0720970556139946,1.90035331249237
00:00:06.4496596,ElbowLeft,Tracked,-0.449708580970764,0.0355181582272053,1.8774436712265
00:00:06.4498200,ElbowRight,Tracked,-0.119029328227043,0.0483166463673115,1.90530955791473
00:00:06.4815963,ElbowLeft,Tracked,-0.453742682933807,0.0250405445694923,1.88144731521606
00:00:06.4816611,ElbowRight,Tracked,-0.117728993296623,0.0265920720994473,1.91287636756897
00:00:06.5172778,ElbowLeft,Tracked,-0.473326057195663,-0.0608383864164352,1.92385470867157
00:00:06.5173426,ElbowRight,Tracked,-0.116804465651512,0.015814084559679,1.91626727581024
00:00:06.5491824,ElbowLeft,Tracked,-0.472211062908173,-0.0660882666707039,1.92396652698517
00:00:06.5492472,ElbowRight,Tracked,-0.116359889507294,-0.0285728387534618,1.94377541542053
00:00:06.5810973,ElbowLeft,Tracked,-0.477585077285767,-0.0792908892035484,1.93390953540802
00:00:06.5811615,ElbowRight,Tracked,-0.118808045983315,-0.0353098213672638,1.94515109062195
00:00:06.6171502,ElbowLeft,Tracked,-0.477312415838242,-0.0793039426207542,1.93553555011749
00:00:06.6172195,ElbowRight,Tracked,-0.121338784694672,-0.0435761064291,1.95066666603088
00:00:06.6490241,ElbowLeft,Tracked,-0.476245611906052,-0.0782979503273964,1.93797981739044
00:00:06.6490895,ElbowRight,Tracked,-0.119782075285912,-0.0506222322583199,1.96020710468292
00:00:06.6805599,ElbowLeft,Tracked,-0.474930226802826,-0.0728624314069748,1.94826209545135
00:00:06.6806279,ElbowRight,Tracked,-0.120651550590992,-0.0514804944396019,1.96303963661194
00:00:06.7154966,ElbowLeft,Tracked,-0.474423825740814,-0.0723889693617821,1.95251631736755
00:00:06.7155589,ElbowRight,Tracked,-0.123699069023132,-0.0508219227194786,1.96613955497742
00:00:06.7497836,ElbowLeft,Tracked,-0.464286595582962,-0.0504323914647102,1.96363484859467
00:00:06.7499324,ElbowRight,Tracked,-0.127355366945267,-0.0503098741173744,1.97207581996918
00:00:06.7810500,ElbowLeft,Tracked,-0.464190781116486,-0.0539733432233334,1.96725702285767
00:00:06.7811148,ElbowRight,Tracked,-0.12858971953392,-0.0416990965604782,1.98536086082458
00:00:06.8170952,ElbowLeft,Tracked,-0.469582885503769,-0.0606743209064007,1.9722501039505
00:00:06.8171568,ElbowRight,Tracked,-0.128810927271843,-0.0384104773402214,1.99206066131592
00:00:06.8495277,ElbowLeft,Tracked,-0.464051425457001,-0.0566451698541641,1.97744870185852
00:00:06.8495932,ElbowRight,Tracked,-0.128786534070969,-0.0377375595271587,1.99750804901123
00:00:06.8819962,ElbowLeft,Tracked,-0.462385475635529,-0.054236464202404,1.98165440559387
00:00:06.8820796,ElbowRight,Tracked,-0.12867546081543,-0.0373012907803059,2.0043158531189
00:00:06.9172191,ElbowLeft,Tracked,-0.46107292175293,-0.0488979518413544,1.98624658584595
00:00:06.9172851,ElbowRight,Tracked,-0.128576904535294,-0.0360946133732796,2.00951719284058
00:00:06.9490121,ElbowLeft,Tracked,-0.460048824548721,-0.0463448613882065,1.99124932289124
00:00:06.9490749,ElbowRight,Tracked,-0.129381120204926,-0.0365677662193775,2.02067589759827
00:00:06.9805928,ElbowLeft,Tracked,-0.461399614810944,-0.0427515134215355,1.99893665313721
00:00:06.9806742,ElbowRight,Tracked,-0.130792573094368,-0.0363501161336899,2.024498462677
00:00:07.0169587,ElbowLeft,Tracked,-0.46094536781311,-0.0423502027988434,2.00430965423584
00:00:07.0170222,ElbowRight,Tracked,-0.133085831999779,-0.0366422981023788,2.03292751312256
00:00:07.0483777,ElbowLeft,Tracked,-0.464073926210403,-0.0440946482121944,2.0104067325592
00:00:07.0484419,ElbowRight,Tracked,-0.134588167071342,-0.0327051319181919,2.0374903678894
00:00:07.0807577,ElbowLeft,Tracked,-0.462440699338913,-0.039321556687355,2.01703214645386
00:00:07.0808270,ElbowRight,Tracked,-0.137007609009743,-0.0313629508018494,2.04055523872375
00:00:07.1162320,ElbowLeft,Tracked,-0.461751788854599,-0.0380603037774563,2.0202853679657
00:00:07.1163045,ElbowRight,Tracked,-0.131129965186119,-0.0166951827704906,2.00194573402405
00:00:07.1488595,ElbowLeft,Tracked,-0.461180806159973,-0.0360644496977329,2.02508211135864
00:00:07.1489301,ElbowRight,Tracked,-0.130434036254883,-0.0150981936603785,2.01120615005493
00:00:07.1810111,ElbowLeft,Tracked,-0.460434049367905,-0.0342176221311092,2.02982258796692
00:00:07.1810772,ElbowRight,Tracked,-0.13159853219986,-0.0117208901792765,2.01980566978455
00:00:07.2161602,ElbowLeft,Tracked,-0.459689736366272,-0.0350313223898411,2.03723216056824
00:00:07.2162256,ElbowRight,Tracked,-0.131917119026184,-0.0118595827370882,2.0295991897583
00:00:07.2491380,ElbowLeft,Tracked,-0.458113849163055,-0.0402489490807056,2.04356479644775
00:00:07.2492015,ElbowRight,Tracked,-0.13234606385231,-0.0139598585665226,2.03867840766907
00:00:07.2809926,ElbowLeft,Tracked,-0.457357794046402,-0.0478312931954861,2.05217599868774
00:00:07.2810548,ElbowRight,Tracked,-0.132471039891243,-0.0166644193232059,2.04985094070435
00:00:07.3158723,ElbowLeft,Tracked,-0.458408117294312,-0.049841545522213,2.05892872810364
00:00:07.3159371,ElbowRight,Tracked,-0.133629143238068,-0.0172945559024811,2.05982255935669
00:00:07.3491041,ElbowLeft,Tracked,-0.458799362182617,-0.0515622422099113,2.06353378295898
00:00:07.3491733,ElbowRight,Tracked,-0.141623824834824,-0.0423727072775364,2.11053872108459
00:00:07.3813794,ElbowLeft,Tracked,-0.458673775196075,-0.0513902232050896,2.06632685661316
00:00:07.3814436,ElbowRight,Tracked,-0.142006754875183,-0.0434707142412663,2.11530590057373
00:00:07.4164105,ElbowLeft,Tracked,-0.459923565387726,-0.0496116355061531,2.0742974281311
00:00:07.4164792,ElbowRight,Tracked,-0.142636477947235,-0.0457599088549614,2.12074518203735
00:00:07.4485448,ElbowLeft,Tracked,-0.461035132408142,-0.0487456917762756,2.08001279830933
00:00:07.4486096,ElbowRight,Tracked,-0.143339723348618,-0.0482902005314827,2.12577986717224
00:00:07.4803070,ElbowLeft,Tracked,-0.479846060276031,-0.0231740325689316,2.09821057319641
00:00:07.4803737,ElbowRight,Tracked,-0.140398234128952,-0.0520188212394714,2.14336466789246
00:00:07.5155728,ElbowLeft,Tracked,-0.46506068110466,-0.0469080582261086,2.1051230430603
00:00:07.5156543,ElbowRight,Tracked,-0.142760902643204,-0.0571673735976219,2.14819812774658
00:00:07.5485416,ElbowLeft,Tracked,-0.468924105167389,-0.0295620113611221,2.1115198135376
00:00:07.5486173,ElbowRight,Tracked,-0.147023439407349,-0.0629231035709381,2.15135288238525
00:00:07.5829601,ElbowLeft,Tracked,-0.465124666690826,-0.0418547242879868,2.11130261421204
00:00:07.5831089,ElbowRight,Tracked,-0.150873214006424,-0.070185512304306,2.15473628044128
00:00:07.6166518,ElbowLeft,Tracked,-0.46236127614975,-0.0480352863669395,2.11216282844543
00:00:07.6167179,ElbowRight,Tracked,-0.15328611433506,-0.0727496445178986,2.15727615356445
00:00:07.6485327,ElbowLeft,Tracked,-0.459133446216583,-0.0530109666287899,2.11206674575806
00:00:07.6485949,ElbowRight,Tracked,-0.155817732214928,-0.0739673003554344,2.15874314308167
00:00:07.6830250,ElbowLeft,Tracked,-0.457154273986816,-0.0660079270601273,2.11297988891602
00:00:07.6831167,ElbowRight,Inferred,-0.157712489366531,-0.0774491876363754,2.1622519493103
00:00:07.7162754,ElbowLeft,Tracked,-0.428583741188049,-0.0776997059583664,2.11197233200073
00:00:07.7163453,ElbowRight,Inferred,-0.169403374195099,-0.0694058239459991,2.17552614212036
00:00:07.7486848,ElbowLeft,Tracked,-0.46880567073822,-0.0236925054341555,2.12634110450745
00:00:07.7487573,ElbowRight,Inferred,-0.19372969865799,0.00127565860748291,2.24192428588867
00:00:07.7834054,ElbowLeft,Tracked,-0.470889031887054,-0.0201126895844936,2.12784719467163
00:00:07.7835337,ElbowRight,Tracked,-0.164907306432724,-0.0140009075403214,2.20722961425781
00:00:07.8187918,ElbowLeft,Tracked,-0.484398275613785,-0.0109995603561401,2.13528895378113
00:00:07.8188650,ElbowRight,Tracked,-0.117943502962589,0.0181250423192978,2.21956634521484
00:00:07.8520570,ElbowLeft,Tracked,-0.486185789108276,-0.0117863863706589,2.13342142105103
00:00:07.8521192,ElbowRight,Inferred,-0.118102736771107,0.0181901678442955,2.21954417228699
00:00:07.8831823,ElbowLeft,Tracked,-0.477003842592239,-0.0165983010083437,2.12333583831787
00:00:07.8832490,ElbowRight,Inferred,-0.0888675227761269,-0.112233057618141,2.11385560035706
00:00:07.9196688,ElbowLeft,Tracked,-0.482378870248795,-0.0123441815376282,2.12815809249878
00:00:07.9197329,ElbowRight,Inferred,-0.130741581320763,-0.0739786773920059,2.07422852516174
00:00:07.9530449,ElbowLeft,Tracked,-0.480900645256042,-0.0108742117881775,2.12529420852661
00:00:07.9531802,ElbowRight,Inferred,-0.130210176110268,-0.0743501111865044,2.07402110099792
00:00:07.9871516,ElbowLeft,Tracked,-0.432173728942871,-0.0924365967512131,2.11191034317017
00:00:07.9872915,ElbowRight,Inferred,-0.130509674549103,-0.0751855820417404,2.07018995285034
00:00:08.0227055,ElbowLeft,Tracked,-0.481633841991425,-0.014460876584053,2.12751245498657
00:00:08.0227645,ElbowRight,Inferred,-0.128524616360664,-0.0732118263840675,2.06854796409607
00:00:08.0494105,ElbowLeft,Tracked,-0.483190447092056,-0.015999898314476,2.12653088569641
00:00:08.0494676,ElbowRight,Inferred,-0.128033816814423,-0.074165865778923,2.06703090667725
00:00:08.0868688,ElbowLeft,Tracked,-0.484012752771378,-0.0158309787511826,2.12706661224365
00:00:08.0870003,ElbowRight,Inferred,-0.126870363950729,-0.0740607529878616,2.06712913513184
00:00:08.1207991,ElbowLeft,Tracked,-0.486244171857834,-0.0171141624450684,2.12984251976013
00:00:08.1209082,ElbowRight,Inferred,-0.126913085579872,-0.0743913650512695,2.06647968292236
00:00:08.1540855,ElbowLeft,Tracked,-0.48680368065834,-0.017552524805069,2.13097953796387
00:00:08.1541894,ElbowRight,Tracked,-0.14281040430069,-0.0822959840297699,2.11355543136597
00:00:08.1836937,ElbowLeft,Tracked,-0.48974734544754,-0.0170820951461792,2.13327765464783
00:00:08.1838079,ElbowRight,Inferred,-0.127360180020332,-0.0750876441597939,2.06678056716919
00:00:08.2198601,ElbowLeft,Tracked,-0.473499327898026,-0.0243369061499834,2.12849402427673
00:00:08.2199365,ElbowRight,Tracked,-0.141142711043358,-0.0777913779020309,2.11525225639343
00:00:08.2530502,ElbowLeft,Tracked,-0.4266636967659,-0.0861494541168213,2.10286021232605
00:00:08.2531144,ElbowRight,Tracked,-0.141800373792648,-0.0789134651422501,2.11397886276245
00:00:08.2856284,ElbowLeft,Tracked,-0.426033556461334,-0.085807204246521,2.1023862361908
00:00:08.2856861,ElbowRight,Tracked,-0.140765503048897,-0.0797639042139053,2.11408925056458
00:00:08.3169890,ElbowLeft,Tracked,-0.430051386356354,-0.0876811146736145,2.10566139221191
00:00:08.3170500,ElbowRight,Tracked,-0.141913339495659,-0.0803772956132889,2.11247682571411
00:00:08.3522382,ElbowLeft,Tracked,-0.429581463336945,-0.0888940244913101,2.10461211204529
00:00:08.3522991,ElbowRight,Inferred,-0.124474316835403,-0.0732851773500443,2.06685352325439
00:00:08.3864873,ElbowLeft,Tracked,-0.428694546222687,-0.0885322690010071,2.10397243499756
00:00:08.3866047,ElbowRight,Inferred,-0.124149337410927,-0.0738278925418854,2.06608605384827
00:00:08.4187512,ElbowLeft,Tracked,-0.470628976821899,-0.0228334721177816,2.12795877456665
00:00:08.4188121,ElbowRight,Inferred,-0.125737503170967,-0.0730777531862259,2.06682562828064
00:00:08.4485833,ElbowLeft,Tracked,-0.470315128564835,-0.0257798302918673,2.12591910362244
00:00:08.4486532,ElbowRight,Tracked,-0.138168856501579,-0.0588487014174461,2.12740802764893
00:00:08.4841647,ElbowLeft,Tracked,-0.426726758480072,-0.0879381448030472,2.10468864440918
00:00:08.4842372,ElbowRight,Tracked,-0.149557277560234,-0.0638914331793785,2.16804623603821
00:00:08.5205159,ElbowLeft,Tracked,-0.428628385066986,-0.0879558175802231,2.10485863685608
00:00:08.5205794,ElbowRight,Tracked,-0.154921561479568,-0.0720021650195122,2.16556000709534
00:00:08.5542801,ElbowLeft,Tracked,-0.432893574237823,-0.0932874977588654,2.10661292076111
00:00:08.5543904,ElbowRight,Tracked,-0.154206484556198,-0.0767618641257286,2.16462588310242
00:00:08.5842174,ElbowLeft,Tracked,-0.465747326612473,-0.0710629746317863,2.13105273246765
00:00:08.5842789,ElbowRight,Tracked,-0.151764467358589,-0.0858563035726547,2.16163992881775
00:00:08.6193344,ElbowLeft,Tracked,-0.466445505619049,-0.0699513256549835,2.13035368919373
00:00:08.6193985,ElbowRight,Tracked,-0.136401548981667,-0.0550852902233601,2.13130497932434
00:00:08.6528163,ElbowLeft,Tracked,-0.46571558713913,-0.0714165046811104,2.12670540809631
00:00:08.6528779,ElbowRight,Tracked,-0.144503071904182,-0.0736993402242661,2.16238474845886
00:00:08.6883285,ElbowLeft,Tracked,-0.465887159109116,-0.0721595361828804,2.12508082389832
00:00:08.6884093,ElbowRight,Tracked,-0.1434226334095,-0.0732397064566612,2.16142630577087
00:00:08.7181144,ElbowLeft,Tracked,-0.466893553733826,-0.0706356912851334,2.12346243858337
00:00:08.7181773,ElbowRight,Tracked,-0.141699373722076,-0.0740082710981369,2.15644240379334
00:00:08.7491582,ElbowLeft,Tracked,-0.465911507606506,-0.0682386606931686,2.11831378936768
00:00:08.7492300,ElbowRight,Tracked,-0.140405565500259,-0.073044553399086,2.15113377571106
00:00:08.7840154,ElbowLeft,Tracked,-0.465189248323441,-0.0654512569308281,2.11309552192688
00:00:08.7840783,ElbowRight,Tracked,-0.138942867517471,-0.0708101391792297,2.14548397064209
00:00:08.8183499,ElbowLeft,Tracked,-0.463256061077118,-0.0580351948738098,2.10535883903503
00:00:08.8184147,ElbowRight,Tracked,-0.138043284416199,-0.068584032356739,2.13882303237915
00:00:08.8522263,ElbowLeft,Tracked,-0.462444245815277,-0.0565558820962906,2.0987765789032
00:00:08.8522924,ElbowRight,Tracked,-0.135980725288391,-0.0651613622903824,2.12660527229309
00:00:08.8835312,ElbowLeft,Tracked,-0.461954653263092,-0.0521552078425884,2.09139919281006
00:00:08.8835986,ElbowRight,Tracked,-0.129462495446205,-0.0668164566159248,2.11426424980164
00:00:08.9174994,ElbowLeft,Tracked,-0.462063640356064,-0.0519225746393204,2.08597469329834
00:00:08.9176469,ElbowRight,Tracked,-0.130300536751747,-0.0636856704950333,2.10915923118591
00:00:08.9514573,ElbowLeft,Tracked,-0.461434960365295,-0.0522267334163189,2.07913374900818
00:00:08.9515336,ElbowRight,Tracked,-0.128022164106369,-0.0620216354727745,2.10459685325623
00:00:08.9832715,ElbowLeft,Tracked,-0.461629331111908,-0.0527409687638283,2.0729238986969
00:00:08.9833523,ElbowRight,Tracked,-0.130276143550873,-0.0564537793397903,2.09410214424133
00:00:09.0176168,ElbowLeft,Tracked,-0.460220694541931,-0.0500646978616714,2.06501173973084
00:00:09.0176855,ElbowRight,Tracked,-0.130909785628319,-0.0512499287724495,2.08458733558655
00:00:09.0513137,ElbowLeft,Tracked,-0.459715366363525,-0.0549360513687134,2.05738306045532
00:00:09.0513797,ElbowRight,Tracked,-0.130502000451088,-0.0491015762090683,2.08095669746399
00:00:09.0828475,ElbowLeft,Tracked,-0.461061477661133,-0.0558431372046471,2.05232667922974
00:00:09.0829123,ElbowRight,Tracked,-0.121708028018475,-0.0364110879600048,2.01658892631531
00:00:09.1181243,ElbowLeft,Tracked,-0.46183454990387,-0.0555387139320374,2.05001020431519
00:00:09.1181897,ElbowRight,Tracked,-0.121098324656487,-0.0348479375243187,2.01180243492126
00:00:09.1509488,ElbowLeft,Tracked,-0.461257755756378,-0.0568497739732265,2.04614996910095
00:00:09.1510155,ElbowRight,Tracked,-0.120893895626068,-0.0345284827053547,2.00847196578979
00:00:09.1830586,ElbowLeft,Tracked,-0.461061149835587,-0.0571479275822639,2.04229640960693
00:00:09.1831324,ElbowRight,Tracked,-0.120619736611843,-0.0348288528621197,2.0053768157959
00:00:09.2159864,ElbowLeft,Tracked,-0.46123731136322,-0.0536331124603748,2.03849387168884
00:00:09.2160480,ElbowRight,Tracked,-0.120201140642166,-0.0354625433683395,2.00155782699585
00:00:09.2531214,ElbowLeft,Tracked,-0.461328774690628,-0.0559679754078388,2.03783130645752
00:00:09.2532658,ElbowRight,Tracked,-0.120213985443115,-0.0363246351480484,1.99824237823486
00:00:09.2863923,ElbowLeft,Tracked,-0.460783571004868,-0.055338479578495,2.03677225112915
00:00:09.2864629,ElbowRight,Tracked,-0.121300205588341,-0.0393863953649998,1.9950795173645
00:00:09.3190430,ElbowLeft,Tracked,-0.460861712694168,-0.0553195849061012,2.03627681732178
00:00:09.3191950,ElbowRight,Tracked,-0.120979592204094,-0.0404829904437065,1.99135112762451
00:00:09.3576027,ElbowLeft,Tracked,-0.463886439800262,-0.0507389754056931,2.03225231170654
00:00:09.3576623,ElbowRight,Tracked,-0.120261415839195,-0.0416306927800179,1.98952543735504
00:00:09.3838106,ElbowLeft,Tracked,-0.459886997938156,-0.0505208969116211,2.02889585494995
00:00:09.3838818,ElbowRight,Tracked,-0.119474411010742,-0.0442422404885292,1.98426127433777
00:00:09.4179962,ElbowLeft,Tracked,-0.460926651954651,-0.0513805747032166,2.02832841873169
00:00:09.4180770,ElbowRight,Tracked,-0.119147151708603,-0.0454067625105381,1.98009407520294
00:00:09.4510644,ElbowLeft,Tracked,-0.460653841495514,-0.0508175194263458,2.02782726287842
00:00:09.4511472,ElbowRight,Tracked,-0.120480380952358,-0.0470670163631439,1.97603499889374
00:00:09.4840691,ElbowLeft,Tracked,-0.458220422267914,-0.0545878745615482,2.02472996711731
00:00:09.4841358,ElbowRight,Tracked,-0.120685882866383,-0.0474549643695354,1.97248995304108
00:00:09.5174561,ElbowLeft,Tracked,-0.456790715456009,-0.0585657730698586,2.02273225784302
00:00:09.5175235,ElbowRight,Tracked,-0.121346265077591,-0.0492308177053928,1.96854472160339
00:00:09.5510144,ElbowLeft,Tracked,-0.456826537847519,-0.059546671807766,2.02169036865234
00:00:09.5510792,ElbowRight,Tracked,-0.121316358447075,-0.0521685890853405,1.96358799934387
00:00:09.5837170,ElbowLeft,Tracked,-0.45838463306427,-0.0574422925710678,2.01966190338135
00:00:09.5837799,ElbowRight,Tracked,-0.120201781392097,-0.0545943155884743,1.95959174633026
00:00:09.6167538,ElbowLeft,Tracked,-0.458909779787064,-0.0562565848231316,2.0135178565979
00:00:09.6168231,ElbowRight,Tracked,-0.124214977025986,-0.0661498457193375,2.01141333580017
00:00:09.6525559,ElbowLeft,Tracked,-0.459576666355133,-0.0581140667200089,2.00508165359497
00:00:09.6526419,ElbowRight,Tracked,-0.119554758071899,-0.064905658364296,2.01259469985962
00:00:09.6834137,ElbowLeft,Tracked,-0.470307290554047,-0.0600161850452423,1.99756932258606
00:00:09.6834964,ElbowRight,Tracked,-0.115947484970093,-0.0696206092834473,2.0098237991333
00:00:09.7176692,ElbowLeft,Tracked,-0.454844385385513,-0.062129020690918,1.97880554199219
00:00:09.7177392,ElbowRight,Tracked,-0.118297204375267,-0.0692808851599693,1.99811983108521
00:00:09.7520088,ElbowLeft,Tracked,-0.46783721446991,-0.0557113438844681,1.96936500072479
00:00:09.7520787,ElbowRight,Tracked,-0.118311256170273,-0.062333382666111,1.98363721370697
00:00:09.7838063,ElbowLeft,Tracked,-0.471366941928864,-0.0398015230894089,1.96070659160614
00:00:09.7838807,ElbowRight,Tracked,-0.118398055434227,-0.0521630942821503,1.97107422351837
00:00:09.8190003,ElbowLeft,Tracked,-0.469324171543121,-0.0220782160758972,1.94561457633972
00:00:09.8190657,ElbowRight,Tracked,-0.119912914931774,-0.0504654087126255,1.96766662597656
00:00:09.8518113,ElbowLeft,Tracked,-0.472580641508102,0.0135683715343475,1.93184006214142
00:00:09.8518787,ElbowRight,Tracked,-0.108377814292908,-0.0122095067054033,1.86922752857208
00:00:09.8838359,ElbowLeft,Tracked,-0.4741031229496,0.0275959968566895,1.92203593254089
00:00:09.8839077,ElbowRight,Tracked,-0.109131693840027,0.00297697493806481,1.86520600318909
00:00:09.9183147,ElbowLeft,Tracked,-0.468926876783371,0.0603376179933548,1.90905833244324
00:00:09.9183782,ElbowRight,Tracked,-0.110204413533211,0.0312047023326159,1.85745573043823
00:00:09.9530314,ElbowLeft,Tracked,-0.458383440971375,0.0866014733910561,1.89358580112457
00:00:09.9531026,ElbowRight,Tracked,-0.107925541698933,0.0510820187628269,1.85405480861664
00:00:09.9861638,ElbowLeft,Tracked,-0.45687472820282,0.0933178812265396,1.89066874980927
00:00:09.9862324,ElbowRight,Tracked,-0.10518816113472,0.0897203236818314,1.83663415908813
00:00:10.0211981,ElbowLeft,Tracked,-0.452523559331894,0.128897428512573,1.87370550632477
00:00:10.0213058,ElbowRight,Tracked,-0.105521507561207,0.106810472905636,1.8319685459137
00:00:10.0530206,ElbowLeft,Tracked,-0.450890243053436,0.128088250756264,1.8715535402298
00:00:10.0530905,ElbowRight,Tracked,-0.106989488005638,0.125711902976036,1.86573791503906
00:00:10.0850862,ElbowLeft,Tracked,-0.445612460374832,0.13505682349205,1.86325204372406
00:00:10.0851510,ElbowRight,Tracked,-0.107283934950829,0.135595053434372,1.85625517368317
00:00:10.1211507,ElbowLeft,Tracked,-0.446929574012756,0.139358267188072,1.86015796661377
00:00:10.1212315,ElbowRight,Tracked,-0.10521212220192,0.148569166660309,1.84346091747284
00:00:10.1531380,ElbowLeft,Tracked,-0.446566760540009,0.139561533927917,1.85856330394745
00:00:10.1532060,ElbowRight,Tracked,-0.11016933619976,0.143845796585083,1.80594515800476
00:00:10.1849234,ElbowLeft,Tracked,-0.444963455200195,0.143147766590118,1.85210001468658
00:00:10.1849901,ElbowRight,Tracked,-0.104107744991779,0.152252554893494,1.83550179004669
00:00:10.2210269,ElbowLeft,Tracked,-0.443966031074524,0.152872741222382,1.84098160266876
00:00:10.2210917,ElbowRight,Tracked,-0.109782084822655,0.146490946412086,1.7974568605423
00:00:10.2545371,ElbowLeft,Tracked,-0.438062191009521,0.158939838409424,1.82931053638458
00:00:10.2546385,ElbowRight,Tracked,-0.104367859661579,0.153635829687119,1.8281534910202
00:00:10.2872981,ElbowLeft,Tracked,-0.438735753297806,0.163253143429756,1.82431447505951
00:00:10.2873622,ElbowRight,Tracked,-0.103818491101265,0.154344394803047,1.825559258461
00:00:10.3214625,ElbowLeft,Tracked,-0.438884735107422,0.163081094622612,1.82419288158417
00:00:10.3215299,ElbowRight,Tracked,-0.103855781257153,0.154270470142365,1.82274925708771
00:00:10.3533094,ElbowLeft,Tracked,-0.439056009054184,0.164155438542366,1.8223363161087
00:00:10.3533717,ElbowRight,Tracked,-0.108568221330643,0.147672802209854,1.78583705425262
00:00:10.3851833,ElbowLeft,Tracked,-0.441067069768906,0.166087061166763,1.81977665424347
00:00:10.3852468,ElbowRight,Tracked,-0.102184951305389,0.155614957213402,1.8192834854126
00:00:10.4216525,ElbowLeft,Tracked,-0.441378802061081,0.166589349508286,1.81858038902283
00:00:10.4217525,ElbowRight,Tracked,-0.101679280400276,0.156187698245049,1.81733870506287
00:00:10.4539740,ElbowLeft,Tracked,-0.441753774881363,0.166652455925941,1.81766676902771
00:00:10.4541235,ElbowRight,Tracked,-0.108143456280231,0.149429172277451,1.77967190742493
00:00:10.4851622,ElbowLeft,Tracked,-0.44253408908844,0.167196959257126,1.81705844402313
00:00:10.4852276,ElbowRight,Tracked,-0.101745322346687,0.158411353826523,1.8132563829422
00:00:10.5207968,ElbowLeft,Tracked,-0.442955762147903,0.1675626039505,1.81582260131836
00:00:10.5208578,ElbowRight,Tracked,-0.101752266287804,0.158666297793388,1.8125422000885
00:00:10.5557503,ElbowLeft,Tracked,-0.442891895771027,0.167614370584488,1.81559836864471
00:00:10.5558581,ElbowRight,Tracked,-0.102087818086147,0.159088283777237,1.81197249889374
00:00:10.5897076,ElbowLeft,Tracked,-0.443327248096466,0.169688075780869,1.81437170505524
00:00:10.5897730,ElbowRight,Tracked,-0.101843975484371,0.162852942943573,1.8103541135788
00:00:10.6206885,ElbowLeft,Tracked,-0.443535894155502,0.169548168778419,1.81454455852509
00:00:10.6207668,ElbowRight,Tracked,-0.102518483996391,0.170871078968048,1.8083336353302
00:00:10.6535624,ElbowLeft,Tracked,-0.443752139806747,0.170010179281235,1.81441259384155
00:00:10.6536271,ElbowRight,Tracked,-0.102504327893257,0.176573634147644,1.80732321739197
00:00:10.6853483,ElbowLeft,Tracked,-0.443748086690903,0.170356050133705,1.81420290470123
00:00:10.6854176,ElbowRight,Tracked,-0.101647488772869,0.189157158136368,1.80241274833679
00:00:10.7211491,ElbowLeft,Tracked,-0.441514492034912,0.18629714846611,1.80648458003998
00:00:10.7212755,ElbowRight,Tracked,-0.0998842120170593,0.196126773953438,1.80348908901215
00:00:10.7533264,ElbowLeft,Tracked,-0.441326498985291,0.188523948192596,1.80473983287811
00:00:10.7533969,ElbowRight,Tracked,-0.0998852476477623,0.202463835477829,1.80264890193939
00:00:10.7849507,ElbowLeft,Tracked,-0.440292239189148,0.191142395138741,1.8047456741333
00:00:10.7850200,ElbowRight,Tracked,-0.10071088373661,0.206907004117966,1.80236744880676
00:00:10.8232788,ElbowLeft,Tracked,-0.439740896224976,0.192987039685249,1.80513691902161
00:00:10.8233500,ElbowRight,Tracked,-0.100471198558807,0.209965065121651,1.8027560710907
00:00:10.8527761,ElbowLeft,Tracked,-0.43964695930481,0.195163309574127,1.80624318122864
00:00:10.8528402,ElbowRight,Tracked,-0.100501447916031,0.211143746972084,1.80427849292755
00:00:10.8866166,ElbowLeft,Tracked,-0.440243989229202,0.205965548753738,1.80845773220062
00:00:10.8866820,ElbowRight,Tracked,-0.100385084748268,0.211303502321243,1.80802297592163
00:00:10.9216541,ElbowLeft,Tracked,-0.437799036502838,0.174340307712555,1.8369687795639
00:00:10.9217368,ElbowRight,Tracked,-0.100659154355526,0.209211260080338,1.81402540206909
00:00:10.9532348,ElbowLeft,Tracked,-0.439528465270996,0.203908160328865,1.82597494125366
00:00:10.9533028,ElbowRight,Tracked,-0.100245997309685,0.202250152826309,1.8254702091217
00:00:10.9849136,ElbowLeft,Tracked,-0.434917986392975,0.163710460066795,1.85442984104156
00:00:10.9849784,ElbowRight,Tracked,-0.100201338529587,0.198673576116562,1.83450019359589
00:00:11.0213309,ElbowLeft,Tracked,-0.435704618692398,0.161074265837669,1.85670852661133
00:00:11.0213963,ElbowRight,Tracked,-0.101396612823009,0.182941794395447,1.85198175907135
00:00:11.0560066,ElbowLeft,Tracked,-0.435444056987762,0.156686037778854,1.86248075962067
00:00:11.0560752,ElbowRight,Tracked,-0.103013768792152,0.171765267848969,1.86618447303772
00:00:11.0849489,ElbowLeft,Tracked,-0.43605050444603,0.154631927609444,1.86832273006439
00:00:11.0850182,ElbowRight,Tracked,-0.100981041789055,0.156232312321663,1.89018762111664
00:00:11.1203110,ElbowLeft,Tracked,-0.43977952003479,0.140230983495712,1.88683974742889
00:00:11.1203764,ElbowRight,Tracked,-0.102954491972923,0.147582441568375,1.89756059646606
00:00:11.1522464,ElbowLeft,Tracked,-0.44028839468956,0.130351111292839,1.89881563186646
00:00:11.1523856,ElbowRight,Tracked,-0.104277871549129,0.124030038714409,1.92319452762604
00:00:11.1841010,ElbowLeft,Tracked,-0.436848759651184,0.0733348503708839,1.94707679748535
00:00:11.1841748,ElbowRight,Tracked,-0.112880706787109,0.0732415616512299,1.95664119720459
00:00:11.2200115,ElbowLeft,Tracked,-0.442735999822617,0.0509938336908817,1.9679479598999
00:00:11.2200782,ElbowRight,Tracked,-0.111054465174675,0.0570473931729794,1.97478127479553
00:00:11.2518796,ElbowLeft,Tracked,-0.448084980249405,0.0174957886338234,1.99163627624512
00:00:11.2519565,ElbowRight,Tracked,-0.111965104937553,0.0414965450763702,1.99313807487488
00:00:11.2869511,ElbowLeft,Tracked,-0.449049770832062,-0.0222413036972284,2.01679420471191
00:00:11.2870255,ElbowRight,Tracked,-0.110247619450092,0.0168213397264481,2.01449084281921
00:00:11.3196479,ElbowLeft,Tracked,-0.453345537185669,-0.0481433682143688,2.03107976913452
00:00:11.3197236,ElbowRight,Tracked,-0.113251902163029,-0.0565177500247955,2.03635430335999
00:00:11.3510368,ElbowLeft,Tracked,-0.456933200359344,-0.0669516623020172,2.04806566238403
00:00:11.3511131,ElbowRight,Tracked,-0.110324382781982,-0.0653455033898354,2.0462327003479
00:00:11.3895952,ElbowLeft,Tracked,-0.460472643375397,-0.072311133146286,2.06803345680237
00:00:11.3896657,ElbowRight,Tracked,-0.11547364294529,-0.064606174826622,2.0768895149231
00:00:11.4193176,ElbowLeft,Tracked,-0.454498887062073,-0.101360641419888,2.08266139030457
00:00:11.4193824,ElbowRight,Tracked,-0.141209304332733,-0.103744126856327,2.09973907470703
00:00:11.4521254,ElbowLeft,Tracked,-0.45455476641655,-0.104492112994194,2.09401988983154
00:00:11.4521902,ElbowRight,Tracked,-0.142513394355774,-0.101614356040955,2.11388778686523
00:00:11.4864611,ElbowLeft,Tracked,-0.453853130340576,-0.10404721647501,2.10059356689453
00:00:11.4865272,ElbowRight,Tracked,-0.147935390472412,-0.107184618711472,2.16751480102539
00:00:11.5206878,ElbowLeft,Tracked,-0.448431253433228,-0.108687438070774,2.10631394386292
00:00:11.5207558,ElbowRight,Tracked,-0.150507748126984,-0.0933719873428345,2.16857838630676
00:00:11.5516251,ElbowLeft,Tracked,-0.446704089641571,-0.111167013645172,2.11351299285889
00:00:11.5516989,ElbowRight,Inferred,-0.155361831188202,-0.0898796170949936,2.17237019538879
00:00:11.5863803,ElbowLeft,Tracked,-0.439212203025818,-0.112175494432449,2.11529946327209
00:00:11.5864483,ElbowRight,Inferred,-0.157390028238297,-0.091527946293354,2.17184495925903
00:00:11.6189803,ElbowLeft,Tracked,-0.434211850166321,-0.112228989601135,2.11193776130676
00:00:11.6190432,ElbowRight,Inferred,-0.159188151359558,-0.0912566110491753,2.17254424095154
00:00:11.6511171,ElbowLeft,Tracked,-0.426927089691162,-0.110253043472767,2.10177445411682
00:00:11.6511826,ElbowRight,Tracked,-0.119409278035164,-0.0661378726363182,2.17575669288635
00:00:11.6868763,ElbowLeft,Tracked,-0.423427641391754,-0.104382336139679,2.09926438331604
00:00:11.6869449,ElbowRight,Inferred,-0.115214124321938,-0.066010981798172,2.16727662086487
00:00:11.7194858,ElbowLeft,Inferred,-0.402731716632843,-0.0919810682535172,2.08102703094482
00:00:11.7195525,ElbowRight,Tracked,-0.100384019315243,-0.069847010076046,2.16088700294495
00:00:11.7520101,ElbowLeft,Tracked,-0.423091262578964,-0.100336819887161,2.08892178535461
00:00:11.7520800,ElbowRight,Inferred,-0.0960618406534195,-0.0669696629047394,2.15115189552307
00:00:11.7868545,ElbowLeft,Tracked,-0.391232043504715,-0.0838611721992493,2.06266903877258
00:00:11.7869193,ElbowRight,Tracked,-0.0839235559105873,-0.0733638107776642,2.14096403121948
00:00:11.8193230,ElbowLeft,Inferred,-0.388717204332352,-0.0810519903898239,2.06191277503967
00:00:11.8193929,ElbowRight,Inferred,-0.097118504345417,-0.0614862442016602,2.11271238327026
00:00:11.8513867,ElbowLeft,Inferred,-0.387892752885818,-0.0801758170127869,2.06167459487915
00:00:11.8514521,ElbowRight,Inferred,-0.0996862351894379,-0.0696406066417694,2.10503196716309
00:00:11.8866544,ElbowLeft,Inferred,-0.397711366415024,-0.0436200425028801,2.09362649917603
00:00:11.8867224,ElbowRight,Inferred,-0.100081115961075,-0.0551029145717621,2.11291861534119
00:00:11.9202095,ElbowLeft,Inferred,-0.399318397045136,-0.0540514811873436,2.08729457855225
00:00:11.9202750,ElbowRight,Tracked,-0.100949257612228,-0.103741265833378,2.11039543151855
00:00:11.9519326,ElbowLeft,Inferred,-0.399219483137131,-0.0591897070407867,2.08410835266113
00:00:11.9520045,ElbowRight,Inferred,-0.10123373568058,-0.103756763041019,2.11007165908813
00:00:11.9868521,ElbowLeft,Inferred,-0.400996476411819,-0.0614697560667992,2.08484172821045
00:00:11.9869130,ElbowRight,Inferred,-0.101449839770794,-0.103596955537796,2.11003255844116
00:00:12.0197285,ElbowLeft,Inferred,-0.402178645133972,-0.0627362057566643,2.08555626869202
00:00:12.0198112,ElbowRight,Tracked,-0.111725077033043,-0.0831173658370972,2.1072473526001
00:00:12.0521367,ElbowLeft,Tracked,-0.534715473651886,-0.121087588369846,2.33861303329468
00:00:12.0522233,ElbowRight,Inferred,-0.119797058403492,-0.0844704210758209,2.10634517669678
00:00:12.0860035,ElbowLeft,Inferred,-0.534837603569031,-0.121801644563675,2.33902525901794
00:00:12.0860850,ElbowRight,Inferred,-0.118553727865219,-0.0854653045535088,2.10409259796143
00:00:12.1191981,ElbowLeft,Tracked,-0.534488260746002,-0.122598692774773,2.33788466453552
00:00:12.1192622,ElbowRight,Inferred,-0.118224769830704,-0.0867855697870255,2.10281419754028
00:00:12.1525967,ElbowLeft,Tracked,-0.534355103969574,-0.123087652027607,2.33758306503296
00:00:12.1526550,ElbowRight,Inferred,-0.118488192558289,-0.0872648730874062,2.10298705101013
00:00:12.1880164,ElbowLeft,Tracked,-0.534225821495056,-0.123213179409504,2.33654642105103
00:00:12.1880767,ElbowRight,Inferred,-0.118507787585258,-0.0877660512924194,2.10295033454895
00:00:12.2194624,ElbowLeft,Tracked,-0.534418404102325,-0.12340897321701,2.33621072769165
00:00:12.2195298,ElbowRight,Inferred,-0.118113249540329,-0.0882462337613106,2.10381436347961
00:00:12.2549682,ElbowLeft,Tracked,-0.534475564956665,-0.123469412326813,2.33624887466431
00:00:12.2550952,ElbowRight,Inferred,-0.118882521986961,-0.0891483873128891,2.10469484329224
00:00:12.2865598,ElbowLeft,Tracked,-0.534527719020844,-0.124473430216312,2.33597326278687
00:00:12.2866213,ElbowRight,Inferred,-0.117680266499519,-0.0910798907279968,2.11022305488586
00:00:12.3191982,ElbowLeft,Tracked,-0.535153448581696,-0.12401058524847,2.33846569061279
00:00:12.3193310,ElbowRight,Inferred,-0.117070563137531,-0.0916128158569336,2.11396598815918
00:00:12.3511311,ElbowLeft,Tracked,-0.535951137542725,-0.124329075217247,2.3392117023468
00:00:12.3511933,ElbowRight,Inferred,-0.117005422711372,-0.0924791246652603,2.11620354652405
00:00:12.3871128,ElbowLeft,Tracked,-0.536273956298828,-0.12478182464838,2.33967447280884
00:00:12.3871756,ElbowRight,Inferred,-0.116334795951843,-0.0907048583030701,2.11850452423096
00:00:12.4200033,ElbowLeft,Tracked,-0.536363840103149,-0.125560134649277,2.33996319770813
00:00:12.4200662,ElbowRight,Inferred,-0.116210296750069,-0.0895568281412125,2.11958169937134
00:00:12.4519291,ElbowLeft,Tracked,-0.536542534828186,-0.126260995864868,2.34004044532776
00:00:12.4519990,ElbowRight,Inferred,-0.116343662142754,-0.0890278220176697,2.12076759338379
00:00:12.4869974,ElbowLeft,Tracked,-0.538029193878174,-0.128650888800621,2.34149432182312
00:00:12.4870570,ElbowRight,Inferred,-0.117035791277885,-0.0861862599849701,2.12291407585144
00:00:12.5190880,ElbowLeft,Tracked,-0.537658154964447,-0.129230290651321,2.3408534526825
00:00:12.5191457,ElbowRight,Inferred,-0.117351144552231,-0.0865528360009193,2.12283802032471
00:00:12.5543801,ElbowLeft,Tracked,-0.537689030170441,-0.129350304603577,2.34085536003113
00:00:12.5544892,ElbowRight,Inferred,-0.116749346256256,-0.0878923684358597,2.12213134765625
00:00:12.5868666,ElbowLeft,Tracked,-0.537889719009399,-0.129189789295197,2.3414261341095
00:00:12.5869256,ElbowRight,Inferred,-0.116741046309471,-0.0878481492400169,2.12214636802673
00:00:12.6197808,ElbowLeft,Tracked,-0.537740349769592,-0.12977634370327,2.34097027778625
00:00:12.6198443,ElbowRight,Inferred,-0.1166070997715,-0.0881189033389091,2.12214827537537
00:00:12.6548491,ElbowLeft,Tracked,-0.538821697235107,-0.131604731082916,2.34195947647095
00:00:12.6549594,ElbowRight,Inferred,-0.116983726620674,-0.0873371660709381,2.12236762046814
00:00:12.6874112,ElbowLeft,Tracked,-0.5392245054245,-0.132820516824722,2.3421003818512
00:00:12.6874709,ElbowRight,Inferred,-0.117002591490746,-0.0871898233890533,2.12245988845825
00:00:12.7194153,ElbowLeft,Inferred,-0.537314772605896,-0.134857952594757,2.34019827842712
00:00:12.7194794,ElbowRight,Inferred,-0.117002688348293,-0.0870326831936836,2.1224536895752
00:00:12.7549492,ElbowLeft,Tracked,-0.538259088993073,-0.134877413511276,2.34181880950928
00:00:12.7550525,ElbowRight,Inferred,-0.116944953799248,-0.0871531069278717,2.12241864204407
00:00:12.7873337,ElbowLeft,Inferred,-0.538414239883423,-0.133873164653778,2.34301328659058
00:00:12.7874042,ElbowRight,Inferred,-0.116663694381714,-0.0872101038694382,2.12279748916626
00:00:12.8190491,ElbowLeft,Tracked,-0.5392826795578,-0.135953724384308,2.34170413017273
00:00:12.8191100,ElbowRight,Inferred,-0.116835996508598,-0.0866786986589432,2.12329792976379
00:00:12.8544387,ElbowLeft,Inferred,-0.539545834064484,-0.137037307024002,2.34126996994019
00:00:12.8545458,ElbowRight,Inferred,-0.11716590821743,-0.0861834660172462,2.12363409996033
00:00:12.8916238,ElbowLeft,Inferred,-0.539986968040466,-0.137199461460114,2.34081625938416
00:00:12.8916841,ElbowRight,Inferred,-0.117101922631264,-0.0861438438296318,2.12379789352417
00:00:12.9259281,ElbowLeft,Tracked,-0.539982914924622,-0.137258231639862,2.34083771705627
00:00:12.9260339,ElbowRight,Inferred,-0.11725702881813,-0.0862300395965576,2.12380623817444
00:00:12.9567397,ElbowLeft,Tracked,-0.540234684944153,-0.136646449565887,2.34141564369202
00:00:12.9568000,ElbowRight,Inferred,-0.117777496576309,-0.0862718597054482,2.1235511302948
00:00:12.9879605,ElbowLeft,Tracked,-0.540388166904449,-0.136721342802048,2.34170389175415
00:00:12.9880208,ElbowRight,Inferred,-0.118502497673035,-0.0859574973583221,2.12323689460754
00:00:13.0196515,ElbowLeft,Tracked,-0.54033362865448,-0.136860355734825,2.34154582023621
00:00:13.0197125,ElbowRight,Inferred,-0.118519634008408,-0.0861196368932724,2.12305450439453
00:00:13.0544292,ElbowLeft,Inferred,-0.548515558242798,-0.130635961890221,2.34646224975586
00:00:13.0545517,ElbowRight,Inferred,-0.117443114519119,-0.0917822122573853,2.11961340904236
00:00:13.0872453,ElbowLeft,Tracked,-0.54671573638916,-0.13233008980751,2.34506845474243
00:00:13.0873865,ElbowRight,Inferred,-0.117698885500431,-0.0914461463689804,2.11966109275818
00:00:13.1205560,ElbowLeft,Tracked,-0.546367108821869,-0.132516145706177,2.3447642326355
00:00:13.1206183,ElbowRight,Inferred,-0.117971196770668,-0.0907968729734421,2.11997532844543
00:00:13.1555076,ElbowLeft,Tracked,-0.545821607112885,-0.132931843400002,2.34440398216248
00:00:13.1555724,ElbowRight,Inferred,-0.118638038635254,-0.0906300917267799,2.11934328079224
00:00:13.1871357,ElbowLeft,Tracked,-0.544908940792084,-0.133750736713409,2.34412002563477
00:00:13.1872024,ElbowRight,Inferred,-0.118843272328377,-0.090989388525486,2.11908388137817
00:00:13.2195445,ElbowLeft,Inferred,-0.55297714471817,-0.123013556003571,2.35595202445984
00:00:13.2196061,ElbowRight,Inferred,-0.118911355733871,-0.0920174270868301,2.11848211288452
00:00:13.2563505,ElbowLeft,Tracked,-0.547544181346893,-0.129079356789589,2.3487856388092
00:00:13.2564551,ElbowRight,Inferred,-0.118955440819263,-0.0920244604349136,2.11848998069763
00:00:13.2898626,ElbowLeft,Tracked,-0.545941054821014,-0.130990862846375,2.34698033332825
00:00:13.2899768,ElbowRight,Inferred,-0.119424983859062,-0.0935849845409393,2.11732006072998
00:00:13.3224228,ElbowLeft,Inferred,-0.542578756809235,-0.133832573890686,2.34536838531494
00:00:13.3225293,ElbowRight,Inferred,-0.119351804256439,-0.0949506387114525,2.1166512966156
00:00:13.3580940,ElbowLeft,Inferred,-0.54221099615097,-0.135437905788422,2.34482336044312
00:00:13.3581595,ElbowRight,Inferred,-0.120732739567757,-0.0919059738516808,2.11793231964111
00:00:13.3908512,ElbowLeft,Tracked,-0.540247797966003,-0.131951704621315,2.34232902526855
00:00:13.3909147,ElbowRight,Inferred,-0.120636120438576,-0.0925764143466949,2.11749362945557
00:00:13.4217994,ElbowLeft,Tracked,-0.540150821208954,-0.133793771266937,2.339928150177
00:00:13.4219161,ElbowRight,Inferred,-0.121245637536049,-0.0917744114995003,2.11776351928711
00:00:13.4575386,ElbowLeft,Tracked,-0.541525065898895,-0.139333158731461,2.34083151817322
00:00:13.4576021,ElbowRight,Inferred,-0.121965780854225,-0.0915469378232956,2.11769104003906
00:00:13.4898582,ElbowLeft,Tracked,-0.5405393242836,-0.136864900588989,2.33872747421265
00:00:13.4899185,ElbowRight,Inferred,-0.122119337320328,-0.0916348695755005,2.11762022972107
00:00:13.5201426,ElbowLeft,Tracked,-0.540994763374329,-0.140358150005341,2.33866167068481
00:00:13.5202048,ElbowRight,Inferred,-0.122625298798084,-0.0917050614953041,2.11760306358337
00:00:13.5591532,ElbowLeft,Tracked,-0.541479468345642,-0.141475304961205,2.33869671821594
00:00:13.5592154,ElbowRight,Inferred,-0.122799023985863,-0.0918148085474968,2.11749076843262
00:00:13.5904568,ElbowLeft,Tracked,-0.541887521743774,-0.142094388604164,2.33866786956787
00:00:13.5905581,ElbowRight,Inferred,-0.122781559824944,-0.0918269902467728,2.11759328842163
00:00:13.6207007,ElbowLeft,Inferred,-0.536837697029114,-0.146633505821228,2.3323986530304
00:00:13.6207603,ElbowRight,Inferred,-0.122757859528065,-0.0918104127049446,2.11755514144897
00:00:13.6545431,ElbowLeft,Tracked,-0.537524580955505,-0.146677598357201,2.3331880569458
00:00:13.6546419,ElbowRight,Inferred,-0.122603058815002,-0.0918150916695595,2.11772680282593
00:00:13.6866331,ElbowLeft,Tracked,-0.538137078285217,-0.147063508629799,2.3335132598877
00:00:13.6866915,ElbowRight,Inferred,-0.122732505202293,-0.0916671752929688,2.1176381111145
00:00:13.7211581,ElbowLeft,Tracked,-0.538505792617798,-0.146962374448776,2.33406758308411
00:00:13.7212684,ElbowRight,Inferred,-0.122842840850353,-0.0915570184588432,2.11743903160095
00:00:13.7588634,ElbowLeft,Tracked,-0.538576662540436,-0.147018566727638,2.33422136306763
00:00:13.7589224,ElbowRight,Inferred,-0.123261600732803,-0.0913293212652206,2.11702704429626
00:00:13.7915596,ElbowLeft,Tracked,-0.53879851102829,-0.147146672010422,2.33402800559998
00:00:13.7916949,ElbowRight,Inferred,-0.122614771127701,-0.092970035970211,2.11584210395813
00:00:13.8267292,ElbowLeft,Tracked,-0.538560032844543,-0.146623700857162,2.33369541168213
00:00:13.8267882,ElbowRight,Inferred,-0.122180879116058,-0.093979112803936,2.11486482620239
00:00:13.8558922,ElbowLeft,Inferred,-0.538249373435974,-0.146885842084885,2.33351945877075
00:00:13.8560321,ElbowRight,Inferred,-0.121757514774799,-0.0946554839611053,2.113933801651
00:00:13.8878944,ElbowLeft,Inferred,-0.538226246833801,-0.147017732262611,2.33347916603088
00:00:13.8880162,ElbowRight,Inferred,-0.121095791459084,-0.0952416509389877,2.11388278007507
00:00:13.9277479,ElbowLeft,Tracked,-0.538272380828857,-0.1469407081604,2.3334379196167
00:00:13.9279006,ElbowRight,Inferred,-0.145190536975861,-0.093009889125824,2.10019946098328
00:00:13.9597173,ElbowLeft,Tracked,-0.538898885250092,-0.146663427352905,2.33376884460449
00:00:13.9597821,ElbowRight,Inferred,-0.130094453692436,-0.0947722196578979,2.10602998733521
00:00:13.9891857,ElbowLeft,Inferred,-0.529772758483887,-0.158062309026718,2.31460237503052
00:00:13.9892498,ElbowRight,Inferred,-0.129309445619583,-0.0945683568716049,2.10585260391235
00:00:14.0254432,ElbowLeft,Tracked,-0.534349262714386,-0.153604760766029,2.32242965698242
00:00:14.0255741,ElbowRight,Inferred,-0.13061848282814,-0.0964071229100227,2.10495114326477
00:00:14.0578418,ElbowLeft,Tracked,-0.537064015865326,-0.151890099048615,2.32469940185547
00:00:14.0579085,ElbowRight,Inferred,-0.129568964242935,-0.0979365929961205,2.1038761138916
00:00:14.0909889,ElbowLeft,Tracked,-0.538153409957886,-0.15128618478775,2.32539057731628
00:00:14.0910505,ElbowRight,Inferred,-0.128614962100983,-0.0971937626600266,2.10453867912292
00:00:14.1297410,ElbowLeft,Tracked,-0.538880944252014,-0.149384617805481,2.32865905761719
00:00:14.1298571,ElbowRight,Inferred,-0.128122389316559,-0.0979490131139755,2.10407876968384
00:00:14.1603980,ElbowLeft,Tracked,-0.535777688026428,-0.13464829325676,2.32659983634949
00:00:14.1605295,ElbowRight,Inferred,-0.126994520425797,-0.0965617895126343,2.10510396957397
00:00:14.1921083,ElbowLeft,Tracked,-0.538558602333069,-0.144145280122757,2.32929468154907
00:00:14.1921686,ElbowRight,Inferred,-0.126219481229782,-0.0990065112709999,2.10385608673096
00:00:14.2266993,ElbowLeft,Tracked,-0.538598418235779,-0.144505679607391,2.3294198513031
00:00:14.2267647,ElbowRight,Inferred,-0.12578946352005,-0.0996692925691605,2.10361909866333
00:00:14.2555346,ElbowLeft,Tracked,-0.539413809776306,-0.144586607813835,2.33228278160095
00:00:14.2556115,ElbowRight,Inferred,-0.123245820403099,-0.0996437072753906,2.10585737228394
00:00:14.2943945,ElbowLeft,Tracked,-0.539450883865356,-0.144872635602951,2.33235788345337
00:00:14.2945221,ElbowRight,Inferred,-0.122814103960991,-0.0993019267916679,2.10584497451782
00:00:14.3268546,ElbowLeft,Inferred,-0.537159144878387,-0.146328985691071,2.33060193061829
00:00:14.3269136,ElbowRight,Inferred,-0.122377969324589,-0.0973069295287132,2.10669922828674
00:00:14.3606599,ElbowLeft,Inferred,-0.535049319267273,-0.146647155284882,2.32840776443481
00:00:14.3607221,ElbowRight,Inferred,-0.122112795710564,-0.0963805466890335,2.10705208778381
00:00:14.3879954,ElbowLeft,Inferred,-0.532808184623718,-0.1467215269804,2.32663822174072
00:00:14.3881256,ElbowRight,Inferred,-0.122505843639374,-0.0975582599639893,2.10594177246094
00:00:14.4236410,ElbowLeft,Inferred,-0.532177567481995,-0.147715479135513,2.32548856735229
00:00:14.4237770,ElbowRight,Inferred,-0.123740643262863,-0.0939970687031746,2.10746383666992
00:00:14.4588581,ElbowLeft,Inferred,-0.531842827796936,-0.148234814405441,2.32519006729126
00:00:14.4589267,ElbowRight,Inferred,-0.1232505813241,-0.0940165817737579,2.10767292976379
00:00:14.4907325,ElbowLeft,Inferred,-0.531392991542816,-0.14864082634449,2.32483458518982
00:00:14.4908275,ElbowRight,Inferred,-0.123241759836674,-0.0937619134783745,2.10770130157471
00:00:14.5246103,ElbowLeft,Inferred,-0.531268835067749,-0.14885213971138,2.32442855834961
00:00:14.5246731,ElbowRight,Inferred,-0.122917994856834,-0.0937317386269569,2.10746359825134
00:00:14.5539792,ElbowLeft,Inferred,-0.527451574802399,-0.14926116168499,2.3081316947937
00:00:14.5540402,ElbowRight,Inferred,-0.122587144374847,-0.0933208912611008,2.10759401321411
00:00:14.5868974,ElbowLeft,Inferred,-0.529216647148132,-0.151199787855148,2.31345534324646
00:00:14.5869628,ElbowRight,Inferred,-0.122302658855915,-0.0962900072336197,2.10548806190491
00:00:14.6228630,ElbowLeft,Inferred,-0.529785513877869,-0.152222469449043,2.31555199623108
00:00:14.6229278,ElbowRight,Inferred,-0.122444629669189,-0.0944009721279144,2.10656762123108
00:00:14.6566587,ElbowLeft,Inferred,-0.5296790599823,-0.151748329401016,2.31758999824524
00:00:14.6567337,ElbowRight,Inferred,-0.121067255735397,-0.0981539338827133,2.10438966751099
00:00:14.6870308,ElbowLeft,Inferred,-0.529824495315552,-0.152201756834984,2.31779074668884
00:00:14.6871521,ElbowRight,Inferred,-0.12115390598774,-0.097708135843277,2.10433101654053
00:00:14.7243558,ElbowLeft,Inferred,-0.529871761798859,-0.152494624257088,2.31845808029175
00:00:14.7244969,ElbowRight,Inferred,-0.120308965444565,-0.0997674167156219,2.10345911979675
00:00:14.7563130,ElbowLeft,Inferred,-0.529607653617859,-0.152249172329903,2.31859135627747
00:00:14.7563855,ElbowRight,Inferred,-0.121187314391136,-0.0947690606117249,2.10613751411438
00:00:14.7871310,ElbowLeft,Inferred,-0.529191732406616,-0.151830762624741,2.31893086433411
00:00:14.7871900,ElbowRight,Inferred,-0.120818197727203,-0.094489298760891,2.10622620582581
00:00:14.8227669,ElbowLeft,Inferred,-0.529371082782745,-0.152273774147034,2.31903576850891
00:00:14.8228625,ElbowRight,Inferred,-0.120186135172844,-0.0979599431157112,2.10415601730347
00:00:14.8546401,ElbowLeft,Inferred,-0.529597759246826,-0.152307748794556,2.31974577903748
00:00:14.8547498,ElbowRight,Inferred,-0.122056782245636,-0.0926885902881622,2.10701012611389
00:00:14.8881041,ElbowLeft,Inferred,-0.529434502124786,-0.152192711830139,2.31975722312927
00:00:14.8882369,ElbowRight,Inferred,-0.122032858431339,-0.0927290320396423,2.10684275627136
00:00:14.9231435,ElbowLeft,Inferred,-0.529794812202454,-0.152141064405441,2.32061791419983
00:00:14.9232058,ElbowRight,Inferred,-0.121662490069866,-0.0927749276161194,2.10725975036621
00:00:14.9552355,ElbowLeft,Inferred,-0.529880523681641,-0.151911169290543,2.32157015800476
00:00:14.9553079,ElbowRight,Inferred,-0.121408998966217,-0.0963986366987228,2.10476469993591
00:00:14.9918298,ElbowLeft,Inferred,-0.53023374080658,-0.152667850255966,2.32200312614441
00:00:14.9919003,ElbowRight,Inferred,-0.121421992778778,-0.0961477905511856,2.10490083694458
